episode      1, score -20, own  1, enemy 21, mean -21.00
episode      2, score -21, own  0, enemy 21, mean -20.99
episode      3, score -21, own  0, enemy 21, mean -20.99
episode      4, score -21, own  0, enemy 21, mean -20.99
episode      5, score -21, own  0, enemy 21, mean -20.99
episode      6, score -20, own  1, enemy 21, mean -20.99
episode      7, score -21, own  0, enemy 21, mean -20.98
episode      8, score -21, own  0, enemy 21, mean -20.98
episode      9, score -21, own  0, enemy 21, mean -20.98
episode     10, score -21, own  0, enemy 21, mean -20.98
episode     11, score -21, own  0, enemy 21, mean -20.98
episode     12, score -21, own  0, enemy 21, mean -20.98
episode     13, score -20, own  1, enemy 21, mean -20.98
episode     14, score -20, own  1, enemy 21, mean -20.97
episode     15, score -20, own  1, enemy 21, mean -20.96
episode     16, score -21, own  0, enemy 21, mean -20.95
episode     17, score -20, own  1, enemy 21, mean -20.95
episode     18, score -20, own  1, enemy 21, mean -20.94
episode     19, score -20, own  1, enemy 21, mean -20.93
episode     20, score -20, own  1, enemy 21, mean -20.92
episode     21, score -20, own  1, enemy 21, mean -20.92
episode     22, score -21, own  0, enemy 21, mean -20.91
episode     23, score -18, own  3, enemy 21, mean -20.91
episode     24, score -21, own  0, enemy 21, mean -20.88
episode     25, score -21, own  0, enemy 21, mean -20.88
episode     26, score -21, own  0, enemy 21, mean -20.88
episode     27, score -20, own  1, enemy 21, mean -20.88
episode     28, score -21, own  0, enemy 21, mean -20.87
episode     29, score -20, own  1, enemy 21, mean -20.87
episode     30, score -21, own  0, enemy 21, mean -20.87
episode     31, score -20, own  1, enemy 21, mean -20.87
episode     32, score -21, own  0, enemy 21, mean -20.86
episode     33, score -19, own  2, enemy 21, mean -20.86
episode     34, score -21, own  0, enemy 21, mean -20.84
episode     35, score -20, own  1, enemy 21, mean -20.84
episode     36, score -20, own  1, enemy 21, mean -20.83
episode     37, score -21, own  0, enemy 21, mean -20.83
episode     38, score -20, own  1, enemy 21, mean -20.83
episode     39, score -18, own  3, enemy 21, mean -20.82
episode     40, score -20, own  1, enemy 21, mean -20.79
episode     41, score -19, own  2, enemy 21, mean -20.78
episode     42, score -18, own  3, enemy 21, mean -20.77
episode     43, score -18, own  3, enemy 21, mean -20.74
episode     44, score -20, own  1, enemy 21, mean -20.71
episode     45, score -20, own  1, enemy 21, mean -20.70
episode     46, score -17, own  4, enemy 21, mean -20.70
episode     47, score -20, own  1, enemy 21, mean -20.66
episode     48, score -21, own  0, enemy 21, mean -20.65
episode     49, score -21, own  0, enemy 21, mean -20.66
episode     50, score -21, own  0, enemy 21, mean -20.66
episode     51, score -19, own  2, enemy 21, mean -20.66
episode     52, score -20, own  1, enemy 21, mean -20.65
episode     53, score -19, own  2, enemy 21, mean -20.64
episode     54, score -21, own  0, enemy 21, mean -20.62
episode     55, score -19, own  2, enemy 21, mean -20.63
episode     56, score -18, own  3, enemy 21, mean -20.61
episode     57, score -19, own  2, enemy 21, mean -20.58
episode     58, score -19, own  2, enemy 21, mean -20.57
episode     59, score -19, own  2, enemy 21, mean -20.55
episode     60, score -21, own  0, enemy 21, mean -20.54
episode     61, score -21, own  0, enemy 21, mean -20.54
episode     62, score -20, own  1, enemy 21, mean -20.55
episode     63, score -21, own  0, enemy 21, mean -20.54
episode     64, score -19, own  2, enemy 21, mean -20.55
episode     65, score -17, own  4, enemy 21, mean -20.53
episode     66, score -18, own  3, enemy 21, mean -20.50
episode     67, score -17, own  4, enemy 21, mean -20.47
episode     68, score -19, own  2, enemy 21, mean -20.44
episode     69, score -21, own  0, enemy 21, mean -20.42
episode     70, score -18, own  3, enemy 21, mean -20.43
episode     71, score -18, own  3, enemy 21, mean -20.40
episode     72, score -16, own  5, enemy 21, mean -20.38
episode     73, score -19, own  2, enemy 21, mean -20.33
episode     74, score -19, own  2, enemy 21, mean -20.32
episode     75, score -20, own  1, enemy 21, mean -20.31
episode     76, score -19, own  2, enemy 21, mean -20.31
episode     77, score -17, own  4, enemy 21, mean -20.29
episode     78, score -21, own  0, enemy 21, mean -20.26
episode     79, score -21, own  0, enemy 21, mean -20.27
episode     80, score -19, own  2, enemy 21, mean -20.27
episode     81, score -19, own  2, enemy 21, mean -20.26
episode     82, score -19, own  2, enemy 21, mean -20.25
episode     83, score -19, own  2, enemy 21, mean -20.24
episode     84, score -21, own  0, enemy 21, mean -20.22
episode     85, score -20, own  1, enemy 21, mean -20.23
episode     86, score -18, own  3, enemy 21, mean -20.23
episode     87, score -20, own  1, enemy 21, mean -20.21
episode     88, score -21, own  0, enemy 21, mean -20.20
episode     89, score -21, own  0, enemy 21, mean -20.21
episode     90, score -20, own  1, enemy 21, mean -20.22
episode     91, score -17, own  4, enemy 21, mean -20.22
episode     92, score -18, own  3, enemy 21, mean -20.19
episode     93, score -19, own  2, enemy 21, mean -20.16
episode     94, score -19, own  2, enemy 21, mean -20.15
episode     95, score -19, own  2, enemy 21, mean -20.14
episode     96, score -20, own  1, enemy 21, mean -20.13
episode     97, score -19, own  2, enemy 21, mean -20.13
episode     98, score -18, own  3, enemy 21, mean -20.12
episode     99, score -20, own  1, enemy 21, mean -20.10
episode    100, score -21, own  0, enemy 21, mean -20.10
episode    101, score -19, own  2, enemy 21, mean -20.10
episode    102, score -16, own  5, enemy 21, mean -20.09
episode    103, score -21, own  0, enemy 21, mean -20.05
episode    104, score -19, own  2, enemy 21, mean -20.06
episode    105, score -19, own  2, enemy 21, mean -20.05
episode    106, score -19, own  2, enemy 21, mean -20.04
episode    107, score -19, own  2, enemy 21, mean -20.03
episode    108, score -20, own  1, enemy 21, mean -20.02
episode    109, score -19, own  2, enemy 21, mean -20.02
episode    110, score -19, own  2, enemy 21, mean -20.01
episode    111, score -18, own  3, enemy 21, mean -20.00
episode    112, score -19, own  2, enemy 21, mean -19.98
episode    113, score -18, own  3, enemy 21, mean -19.97
episode    114, score -17, own  4, enemy 21, mean -19.95
episode    115, score -21, own  0, enemy 21, mean -19.92
episode    116, score -18, own  3, enemy 21, mean -19.93
episode    117, score -15, own  6, enemy 21, mean -19.91
episode    118, score -12, own  9, enemy 21, mean -19.86
episode    119, score -19, own  2, enemy 21, mean -19.78
episode    120, score -19, own  2, enemy 21, mean -19.78
episode    121, score -11, own 10, enemy 21, mean -19.77
episode    122, score -14, own  7, enemy 21, mean -19.68
episode    123, score -20, own  1, enemy 21, mean -19.62
episode    124, score -20, own  1, enemy 21, mean -19.63
episode    125, score -19, own  2, enemy 21, mean -19.63
episode    126, score -19, own  2, enemy 21, mean -19.63
episode    127, score -19, own  2, enemy 21, mean -19.62
episode    128, score -17, own  4, enemy 21, mean -19.61
episode    129, score -18, own  3, enemy 21, mean -19.59
episode    130, score -20, own  1, enemy 21, mean -19.57
episode    131, score -19, own  2, enemy 21, mean -19.58
episode    132, score -20, own  1, enemy 21, mean -19.57
episode    133, score -18, own  3, enemy 21, mean -19.57
episode    134, score -18, own  3, enemy 21, mean -19.56
episode    135, score -15, own  6, enemy 21, mean -19.54
episode    136, score -15, own  6, enemy 21, mean -19.50
episode    137, score -21, own  0, enemy 21, mean -19.45
episode    138, score -21, own  0, enemy 21, mean -19.47
episode    139, score -21, own  0, enemy 21, mean -19.48
episode    140, score -17, own  4, enemy 21, mean -19.50
episode    141, score -21, own  0, enemy 21, mean -19.47
episode    142, score -21, own  0, enemy 21, mean -19.49
episode    143, score -21, own  0, enemy 21, mean -19.50
episode    144, score -19, own  2, enemy 21, mean -19.52
episode    145, score -20, own  1, enemy 21, mean -19.51
episode    146, score -18, own  3, enemy 21, mean -19.52
episode    147, score -17, own  4, enemy 21, mean -19.50
episode    148, score -19, own  2, enemy 21, mean -19.48
episode    149, score -18, own  3, enemy 21, mean -19.47
episode    150, score -19, own  2, enemy 21, mean -19.46
episode    151, score -17, own  4, enemy 21, mean -19.45
episode    152, score -19, own  2, enemy 21, mean -19.43
episode    153, score -20, own  1, enemy 21, mean -19.42
episode    154, score -21, own  0, enemy 21, mean -19.43
episode    155, score -20, own  1, enemy 21, mean -19.45
episode    156, score -21, own  0, enemy 21, mean -19.45
episode    157, score -17, own  4, enemy 21, mean -19.47
episode    158, score -20, own  1, enemy 21, mean -19.44
episode    159, score -19, own  2, enemy 21, mean -19.45
episode    160, score -18, own  3, enemy 21, mean -19.44
episode    161, score -20, own  1, enemy 21, mean -19.43
episode    162, score -21, own  0, enemy 21, mean -19.44
episode    163, score -20, own  1, enemy 21, mean -19.45
episode    164, score -18, own  3, enemy 21, mean -19.46
episode    165, score -21, own  0, enemy 21, mean -19.44
episode    166, score -18, own  3, enemy 21, mean -19.46
episode    167, score -21, own  0, enemy 21, mean -19.44
episode    168, score -19, own  2, enemy 21, mean -19.46
episode    169, score -20, own  1, enemy 21, mean -19.45
episode    170, score -19, own  2, enemy 21, mean -19.46
episode    171, score -19, own  2, enemy 21, mean -19.45
episode    172, score -19, own  2, enemy 21, mean -19.45
episode    173, score -19, own  2, enemy 21, mean -19.45
episode    174, score -20, own  1, enemy 21, mean -19.44
episode    175, score -17, own  4, enemy 21, mean -19.45
episode    176, score -19, own  2, enemy 21, mean -19.42
episode    177, score -19, own  2, enemy 21, mean -19.42
episode    178, score -17, own  4, enemy 21, mean -19.41
episode    179, score -19, own  2, enemy 21, mean -19.39
episode    180, score -21, own  0, enemy 21, mean -19.39
episode    181, score -19, own  2, enemy 21, mean -19.40
episode    182, score -19, own  2, enemy 21, mean -19.40
episode    183, score -18, own  3, enemy 21, mean -19.39
episode    184, score -19, own  2, enemy 21, mean -19.38
episode    185, score -17, own  4, enemy 21, mean -19.38
episode    186, score -21, own  0, enemy 21, mean -19.35
episode    187, score -19, own  2, enemy 21, mean -19.37
episode    188, score -16, own  5, enemy 21, mean -19.37
episode    189, score -21, own  0, enemy 21, mean -19.33
episode    190, score -19, own  2, enemy 21, mean -19.35
episode    191, score -20, own  1, enemy 21, mean -19.34
episode    192, score -18, own  3, enemy 21, mean -19.35
episode    193, score -18, own  3, enemy 21, mean -19.34
episode    194, score -20, own  1, enemy 21, mean -19.32
episode    195, score -18, own  3, enemy 21, mean -19.33
episode    196, score -19, own  2, enemy 21, mean -19.32
episode    197, score -19, own  2, enemy 21, mean -19.31
episode    198, score -19, own  2, enemy 21, mean -19.31
episode    199, score -19, own  2, enemy 21, mean -19.31
episode    200, score -19, own  2, enemy 21, mean -19.31
episode    201, score -19, own  2, enemy 21, mean -19.30
episode    202, score -20, own  1, enemy 21, mean -19.30
episode    203, score -18, own  3, enemy 21, mean -19.31
episode    204, score -19, own  2, enemy 21, mean -19.29
episode    205, score -19, own  2, enemy 21, mean -19.29
episode    206, score -17, own  4, enemy 21, mean -19.29
episode    207, score -15, own  6, enemy 21, mean -19.26
episode    208, score -19, own  2, enemy 21, mean -19.22
episode    209, score -20, own  1, enemy 21, mean -19.22
episode    210, score -20, own  1, enemy 21, mean -19.23
episode    211, score -21, own  0, enemy 21, mean -19.24
episode    212, score -18, own  3, enemy 21, mean -19.25
episode    213, score -20, own  1, enemy 21, mean -19.24
episode    214, score -18, own  3, enemy 21, mean -19.25
episode    215, score -17, own  4, enemy 21, mean -19.24
episode    216, score -14, own  7, enemy 21, mean -19.21
episode    217, score -19, own  2, enemy 21, mean -19.16
episode    218, score -21, own  0, enemy 21, mean -19.16
episode    219, score -19, own  2, enemy 21, mean -19.18
episode    220, score -21, own  0, enemy 21, mean -19.18
episode    221, score -17, own  4, enemy 21, mean -19.19
episode    222, score -15, own  6, enemy 21, mean -19.17
episode    223, score -15, own  6, enemy 21, mean -19.13
episode    224, score -18, own  3, enemy 21, mean -19.09
episode    225, score -17, own  4, enemy 21, mean -19.08
episode    226, score -20, own  1, enemy 21, mean -19.06
episode    227, score -21, own  0, enemy 21, mean -19.07
episode    228, score -13, own  8, enemy 21, mean -19.09
episode    229, score -19, own  2, enemy 21, mean -19.03
episode    230, score -17, own  4, enemy 21, mean -19.03
episode    231, score -20, own  1, enemy 21, mean -19.00
episode    232, score -19, own  2, enemy 21, mean -19.01
episode    233, score -16, own  5, enemy 21, mean -19.01
episode    234, score -21, own  0, enemy 21, mean -18.98
episode    235, score -21, own  0, enemy 21, mean -19.00
episode    236, score -20, own  1, enemy 21, mean -19.02
episode    237, score -19, own  2, enemy 21, mean -19.03
episode    238, score -21, own  0, enemy 21, mean -19.03
episode    239, score -21, own  0, enemy 21, mean -19.05
episode    240, score -21, own  0, enemy 21, mean -19.07
episode    241, score -19, own  2, enemy 21, mean -19.09
episode    242, score -17, own  4, enemy 21, mean -19.09
episode    243, score -20, own  1, enemy 21, mean -19.07
episode    244, score -19, own  2, enemy 21, mean -19.08
episode    245, score -18, own  3, enemy 21, mean -19.08
episode    246, score -21, own  0, enemy 21, mean -19.07
episode    247, score -19, own  2, enemy 21, mean -19.09
episode    248, score -16, own  5, enemy 21, mean -19.09
episode    249, score -21, own  0, enemy 21, mean -19.06
episode    250, score -19, own  2, enemy 21, mean -19.08
episode    251, score -17, own  4, enemy 21, mean -19.07
episode    252, score -20, own  1, enemy 21, mean -19.05
episode    253, score -19, own  2, enemy 21, mean -19.06
episode    254, score -17, own  4, enemy 21, mean -19.06
episode    255, score -21, own  0, enemy 21, mean -19.04
episode    256, score -17, own  4, enemy 21, mean -19.06
episode    257, score -19, own  2, enemy 21, mean -19.04
episode    258, score -21, own  0, enemy 21, mean -19.04
episode    259, score -17, own  4, enemy 21, mean -19.06
episode    260, score -16, own  5, enemy 21, mean -19.04
episode    261, score -19, own  2, enemy 21, mean -19.01
episode    262, score -19, own  2, enemy 21, mean -19.01
episode    263, score -19, own  2, enemy 21, mean -19.01
episode    264, score -18, own  3, enemy 21, mean -19.01
episode    265, score -18, own  3, enemy 21, mean -19.00
episode    266, score -19, own  2, enemy 21, mean -18.99
episode    267, score -15, own  6, enemy 21, mean -18.99
episode    268, score -21, own  0, enemy 21, mean -18.95
episode    269, score -19, own  2, enemy 21, mean -18.97
episode    270, score -19, own  2, enemy 21, mean -18.97
episode    271, score -18, own  3, enemy 21, mean -18.97
episode    272, score -18, own  3, enemy 21, mean -18.96
episode    273, score -21, own  0, enemy 21, mean -18.95
episode    274, score -18, own  3, enemy 21, mean -18.97
episode    275, score -17, own  4, enemy 21, mean -18.96
episode    276, score -18, own  3, enemy 21, mean -18.94
episode    277, score -17, own  4, enemy 21, mean -18.93
episode    278, score -18, own  3, enemy 21, mean -18.91
episode    279, score -21, own  0, enemy 21, mean -18.90
episode    280, score -19, own  2, enemy 21, mean -18.93
episode    281, score -19, own  2, enemy 21, mean -18.93
episode    282, score -17, own  4, enemy 21, mean -18.93
episode    283, score -13, own  8, enemy 21, mean -18.91
episode    284, score -21, own  0, enemy 21, mean -18.85
episode    285, score -19, own  2, enemy 21, mean -18.87
episode    286, score -21, own  0, enemy 21, mean -18.87
episode    287, score -17, own  4, enemy 21, mean -18.89
episode    288, score -19, own  2, enemy 21, mean -18.87
episode    289, score -17, own  4, enemy 21, mean -18.87
episode    290, score -19, own  2, enemy 21, mean -18.86
episode    291, score -17, own  4, enemy 21, mean -18.86
episode    292, score -19, own  2, enemy 21, mean -18.84
episode    293, score -20, own  1, enemy 21, mean -18.84
episode    294, score -19, own  2, enemy 21, mean -18.85
episode    295, score -17, own  4, enemy 21, mean -18.85
episode    296, score -15, own  6, enemy 21, mean -18.83
episode    297, score -19, own  2, enemy 21, mean -18.80
episode    298, score -19, own  2, enemy 21, mean -18.80
episode    299, score -18, own  3, enemy 21, mean -18.80
episode    300, score -15, own  6, enemy 21, mean -18.79
episode    301, score -19, own  2, enemy 21, mean -18.75
episode    302, score -19, own  2, enemy 21, mean -18.76
episode    303, score -21, own  0, enemy 21, mean -18.76
episode    304, score -19, own  2, enemy 21, mean -18.78
episode    305, score -21, own  0, enemy 21, mean -18.78
episode    306, score -18, own  3, enemy 21, mean -18.81
episode    307, score -19, own  2, enemy 21, mean -18.80
episode    308, score -19, own  2, enemy 21, mean -18.80
episode    309, score -17, own  4, enemy 21, mean -18.80
episode    310, score -17, own  4, enemy 21, mean -18.78
episode    311, score -21, own  0, enemy 21, mean -18.77
episode    312, score -15, own  6, enemy 21, mean -18.79
episode    313, score -19, own  2, enemy 21, mean -18.75
episode    314, score -21, own  0, enemy 21, mean -18.75
episode    315, score -19, own  2, enemy 21, mean -18.78
episode    316, score -17, own  4, enemy 21, mean -18.78
episode    317, score -15, own  6, enemy 21, mean -18.76
episode    318, score -15, own  6, enemy 21, mean -18.72
episode    319, score -20, own  1, enemy 21, mean -18.69
episode    320, score -17, own  4, enemy 21, mean -18.70
episode    321, score -19, own  2, enemy 21, mean -18.68
episode    322, score -17, own  4, enemy 21, mean -18.68
episode    323, score -16, own  5, enemy 21, mean -18.67
episode    324, score -19, own  2, enemy 21, mean -18.64
episode    325, score -19, own  2, enemy 21, mean -18.64
episode    326, score -14, own  7, enemy 21, mean -18.65
episode    327, score -17, own  4, enemy 21, mean -18.60
episode    328, score -19, own  2, enemy 21, mean -18.59
episode    329, score -17, own  4, enemy 21, mean -18.59
episode    330, score -19, own  2, enemy 21, mean -18.57
episode    331, score -16, own  5, enemy 21, mean -18.58
episode    332, score -17, own  4, enemy 21, mean -18.55
episode    333, score -21, own  0, enemy 21, mean -18.54
episode    334, score -20, own  1, enemy 21, mean -18.56
episode    335, score -17, own  4, enemy 21, mean -18.58
episode    336, score -14, own  7, enemy 21, mean -18.56
episode    337, score -14, own  7, enemy 21, mean -18.51
episode    338, score -18, own  3, enemy 21, mean -18.47
episode    339, score -19, own  2, enemy 21, mean -18.46
episode    340, score -19, own  2, enemy 21, mean -18.47
episode    341, score -16, own  5, enemy 21, mean -18.48
episode    342, score -18, own  3, enemy 21, mean -18.45
episode    343, score -19, own  2, enemy 21, mean -18.45
episode    344, score -18, own  3, enemy 21, mean -18.45
episode    345, score -19, own  2, enemy 21, mean -18.45
episode    346, score -19, own  2, enemy 21, mean -18.45
episode    347, score -16, own  5, enemy 21, mean -18.46
episode    348, score -16, own  5, enemy 21, mean -18.43
episode    349, score -13, own  8, enemy 21, mean -18.41
episode    350, score -14, own  7, enemy 21, mean -18.36
episode    351, score -19, own  2, enemy 21, mean -18.31
episode    352, score -15, own  6, enemy 21, mean -18.32
episode    353, score -19, own  2, enemy 21, mean -18.29
episode    354, score -14, own  7, enemy 21, mean -18.29
episode    355, score -17, own  4, enemy 21, mean -18.25
episode    356, score -17, own  4, enemy 21, mean -18.24
episode    357, score -21, own  0, enemy 21, mean -18.22
episode    358, score -19, own  2, enemy 21, mean -18.25
episode    359, score -19, own  2, enemy 21, mean -18.26
episode    360, score -14, own  7, enemy 21, mean -18.27
episode    361, score -19, own  2, enemy 21, mean -18.22
episode    362, score -17, own  4, enemy 21, mean -18.23
episode    363, score -16, own  5, enemy 21, mean -18.22
episode    364, score -16, own  5, enemy 21, mean -18.20
episode    365, score -15, own  6, enemy 21, mean -18.18
episode    366, score -20, own  1, enemy 21, mean -18.14
episode    367, score -18, own  3, enemy 21, mean -18.16
episode    368, score -19, own  2, enemy 21, mean -18.16
episode    369, score -18, own  3, enemy 21, mean -18.17
episode    370, score -18, own  3, enemy 21, mean -18.17
episode    371, score -14, own  7, enemy 21, mean -18.17
episode    372, score -18, own  3, enemy 21, mean -18.12
episode    373, score -19, own  2, enemy 21, mean -18.12
episode    374, score -13, own  8, enemy 21, mean -18.13
episode    375, score -19, own  2, enemy 21, mean -18.08
episode    376, score -15, own  6, enemy 21, mean -18.09
episode    377, score -19, own  2, enemy 21, mean -18.06
episode    378, score -13, own  8, enemy 21, mean -18.07
episode    379, score -17, own  4, enemy 21, mean -18.02
episode    380, score -17, own  4, enemy 21, mean -18.01
episode    381, score -19, own  2, enemy 21, mean -18.00
episode    382, score -14, own  7, enemy 21, mean -18.01
episode    383, score -19, own  2, enemy 21, mean -17.97
episode    384, score -19, own  2, enemy 21, mean -17.98
episode    385, score -15, own  6, enemy 21, mean -17.99
episode    386, score -16, own  5, enemy 21, mean -17.96
episode    387, score -17, own  4, enemy 21, mean -17.94
episode    388, score -18, own  3, enemy 21, mean -17.93
episode    389, score -18, own  3, enemy 21, mean -17.93
episode    390, score -19, own  2, enemy 21, mean -17.93
episode    391, score -13, own  8, enemy 21, mean -17.94
episode    392, score -21, own  0, enemy 21, mean -17.89
episode    393, score -18, own  3, enemy 21, mean -17.92
episode    394, score -18, own  3, enemy 21, mean -17.92
episode    395, score -21, own  0, enemy 21, mean -17.92
episode    396, score -15, own  6, enemy 21, mean -17.96
episode    397, score -15, own  6, enemy 21, mean -17.93
episode    398, score -17, own  4, enemy 21, mean -17.90
episode    399, score -13, own  8, enemy 21, mean -17.89
episode    400, score -18, own  3, enemy 21, mean -17.84
episode    401, score -15, own  6, enemy 21, mean -17.84
episode    402, score -19, own  2, enemy 21, mean -17.81
episode    403, score -17, own  4, enemy 21, mean -17.82
episode    404, score -19, own  2, enemy 21, mean -17.82
episode    405, score -14, own  7, enemy 21, mean -17.83
episode    406, score -17, own  4, enemy 21, mean -17.79
episode    407, score -17, own  4, enemy 21, mean -17.78
episode    408, score -20, own  1, enemy 21, mean -17.77
episode    409, score -19, own  2, enemy 21, mean -17.80
episode    410, score -15, own  6, enemy 21, mean -17.81
episode    411, score -14, own  7, enemy 21, mean -17.78
episode    412, score -19, own  2, enemy 21, mean -17.74
episode    413, score -15, own  6, enemy 21, mean -17.75
episode    414, score -19, own  2, enemy 21, mean -17.73
episode    415, score -17, own  4, enemy 21, mean -17.74
episode    416, score -17, own  4, enemy 21, mean -17.73
episode    417, score -15, own  6, enemy 21, mean -17.72
episode    418, score -19, own  2, enemy 21, mean -17.70
episode    419, score -20, own  1, enemy 21, mean -17.71
episode    420, score -19, own  2, enemy 21, mean -17.73
episode    421, score -20, own  1, enemy 21, mean -17.75
episode    422, score -19, own  2, enemy 21, mean -17.77
episode    423, score -13, own  8, enemy 21, mean -17.78
episode    424, score -17, own  4, enemy 21, mean -17.73
episode    425, score -19, own  2, enemy 21, mean -17.73
episode    426, score -18, own  3, enemy 21, mean -17.74
episode    427, score -19, own  2, enemy 21, mean -17.74
episode    428, score -16, own  5, enemy 21, mean -17.75
episode    429, score -17, own  4, enemy 21, mean -17.74
episode    430, score -19, own  2, enemy 21, mean -17.73
episode    431, score -11, own 10, enemy 21, mean -17.74
episode    432, score -16, own  5, enemy 21, mean -17.67
episode    433, score -16, own  5, enemy 21, mean -17.66
episode    434, score -17, own  4, enemy 21, mean -17.64
episode    435, score -19, own  2, enemy 21, mean -17.63
episode    436, score -17, own  4, enemy 21, mean -17.65
episode    437, score -19, own  2, enemy 21, mean -17.64
episode    438, score -19, own  2, enemy 21, mean -17.66
episode    439, score -18, own  3, enemy 21, mean -17.67
episode    440, score -18, own  3, enemy 21, mean -17.67
episode    441, score -15, own  6, enemy 21, mean -17.68
episode    442, score -19, own  2, enemy 21, mean -17.65
episode    443, score -21, own  0, enemy 21, mean -17.66
episode    444, score -14, own  7, enemy 21, mean -17.70
episode    445, score -18, own  3, enemy 21, mean -17.66
episode    446, score -17, own  4, enemy 21, mean -17.66
episode    447, score -16, own  5, enemy 21, mean -17.66
episode    448, score -17, own  4, enemy 21, mean -17.64
episode    449, score -15, own  6, enemy 21, mean -17.63
episode    450, score -17, own  4, enemy 21, mean -17.61
episode    451, score -15, own  6, enemy 21, mean -17.60
episode    452, score -18, own  3, enemy 21, mean -17.57
episode    453, score -18, own  3, enemy 21, mean -17.58
episode    454, score -15, own  6, enemy 21, mean -17.58
episode    455, score -19, own  2, enemy 21, mean -17.56
episode    456, score -19, own  2, enemy 21, mean -17.57
episode    457, score -21, own  0, enemy 21, mean -17.59
episode    458, score -21, own  0, enemy 21, mean -17.62
episode    459, score -17, own  4, enemy 21, mean -17.65
episode    460, score -20, own  1, enemy 21, mean -17.65
episode    461, score -17, own  4, enemy 21, mean -17.67
episode    462, score -16, own  5, enemy 21, mean -17.66
episode    463, score -17, own  4, enemy 21, mean -17.65
episode    464, score -13, own  8, enemy 21, mean -17.64
episode    465, score -19, own  2, enemy 21, mean -17.59
episode    466, score -17, own  4, enemy 21, mean -17.61
episode    467, score -16, own  5, enemy 21, mean -17.60
episode    468, score -19, own  2, enemy 21, mean -17.59
episode    469, score -11, own 10, enemy 21, mean -17.60
episode    470, score -19, own  2, enemy 21, mean -17.53
episode    471, score -20, own  1, enemy 21, mean -17.55
episode    472, score -19, own  2, enemy 21, mean -17.57
episode    473, score -17, own  4, enemy 21, mean -17.59
episode    474, score -18, own  3, enemy 21, mean -17.58
episode    475, score -17, own  4, enemy 21, mean -17.59
episode    476, score -19, own  2, enemy 21, mean -17.58
episode    477, score -20, own  1, enemy 21, mean -17.59
episode    478, score -16, own  5, enemy 21, mean -17.62
episode    479, score -13, own  8, enemy 21, mean -17.60
episode    480, score -16, own  5, enemy 21, mean -17.56
episode    481, score -17, own  4, enemy 21, mean -17.54
episode    482, score -18, own  3, enemy 21, mean -17.54
episode    483, score -21, own  0, enemy 21, mean -17.54
episode    484, score -17, own  4, enemy 21, mean -17.57
episode    485, score -15, own  6, enemy 21, mean -17.57
episode    486, score -18, own  3, enemy 21, mean -17.54
episode    487, score -17, own  4, enemy 21, mean -17.55
episode    488, score -17, own  4, enemy 21, mean -17.54
episode    489, score -15, own  6, enemy 21, mean -17.54
episode    490, score -14, own  7, enemy 21, mean -17.51
episode    491, score -13, own  8, enemy 21, mean -17.48
episode    492, score -17, own  4, enemy 21, mean -17.43
episode    493, score -17, own  4, enemy 21, mean -17.43
episode    494, score -10, own 11, enemy 21, mean -17.42
episode    495, score -15, own  6, enemy 21, mean -17.35
episode    496, score -18, own  3, enemy 21, mean -17.33
episode    497, score -16, own  5, enemy 21, mean -17.33
episode    498, score -18, own  3, enemy 21, mean -17.32
episode    499, score -15, own  6, enemy 21, mean -17.33
episode    500, score -21, own  0, enemy 21, mean -17.30
episode    501, score -16, own  5, enemy 21, mean -17.34
episode    502, score -13, own  8, enemy 21, mean -17.33
episode    503, score -15, own  6, enemy 21, mean -17.28
episode    504, score -17, own  4, enemy 21, mean -17.26
episode    505, score -14, own  7, enemy 21, mean -17.26
episode    506, score -16, own  5, enemy 21, mean -17.22
episode    507, score -19, own  2, enemy 21, mean -17.21
episode    508, score -15, own  6, enemy 21, mean -17.23
episode    509, score -13, own  8, enemy 21, mean -17.21
episode    510, score -18, own  3, enemy 21, mean -17.17
episode    511, score -16, own  5, enemy 21, mean -17.17
episode    512, score -12, own  9, enemy 21, mean -17.16
episode    513, score -18, own  3, enemy 21, mean -17.11
episode    514, score -17, own  4, enemy 21, mean -17.12
episode    515, score -13, own  8, enemy 21, mean -17.12
episode    516, score -18, own  3, enemy 21, mean -17.08
episode    517, score -11, own 10, enemy 21, mean -17.09
episode    518, score -19, own  2, enemy 21, mean -17.03
episode    519, score -16, own  5, enemy 21, mean -17.05
episode    520, score -16, own  5, enemy 21, mean -17.03
episode    521, score -17, own  4, enemy 21, mean -17.02
episode    522, score -17, own  4, enemy 21, mean -17.02
episode    523, score -16, own  5, enemy 21, mean -17.02
episode    524, score -16, own  5, enemy 21, mean -17.01
episode    525, score -15, own  6, enemy 21, mean -17.00
episode    526, score -19, own  2, enemy 21, mean -16.98
episode    527, score -13, own  8, enemy 21, mean -17.00
episode    528, score -20, own  1, enemy 21, mean -16.96
episode    529, score -14, own  7, enemy 21, mean -16.99
episode    530, score -21, own  0, enemy 21, mean -16.96
episode    531, score -14, own  7, enemy 21, mean -17.00
episode    532, score -15, own  6, enemy 21, mean -16.97
episode    533, score -18, own  3, enemy 21, mean -16.95
episode    534, score -18, own  3, enemy 21, mean -16.97
episode    535, score -17, own  4, enemy 21, mean -16.98
episode    536, score -18, own  3, enemy 21, mean -16.98
episode    537, score -19, own  2, enemy 21, mean -16.99
episode    538, score -13, own  8, enemy 21, mean -17.01
episode    539, score -16, own  5, enemy 21, mean -16.97
episode    540, score -20, own  1, enemy 21, mean -16.96
episode    541, score -15, own  6, enemy 21, mean -16.99
episode    542, score -15, own  6, enemy 21, mean -16.97
episode    543, score -11, own 10, enemy 21, mean -16.95
episode    544, score -15, own  6, enemy 21, mean -16.89
episode    545, score -15, own  6, enemy 21, mean -16.87
episode    546, score -19, own  2, enemy 21, mean -16.85
episode    547, score -14, own  7, enemy 21, mean -16.87
episode    548, score -17, own  4, enemy 21, mean -16.84
episode    549, score -14, own  7, enemy 21, mean -16.84
episode    550, score -13, own  8, enemy 21, mean -16.82
episode    551, score -8, own 13, enemy 21, mean -16.78
episode    552, score -19, own  2, enemy 21, mean -16.69
episode    553, score -16, own  5, enemy 21, mean -16.71
episode    554, score -17, own  4, enemy 21, mean -16.71
episode    555, score -17, own  4, enemy 21, mean -16.71
episode    556, score -17, own  4, enemy 21, mean -16.71
episode    557, score -19, own  2, enemy 21, mean -16.71
episode    558, score -12, own  9, enemy 21, mean -16.74
episode    559, score -14, own  7, enemy 21, mean -16.69
episode    560, score -13, own  8, enemy 21, mean -16.66
episode    561, score -17, own  4, enemy 21, mean -16.63
episode    562, score -12, own  9, enemy 21, mean -16.63
episode    563, score -15, own  6, enemy 21, mean -16.58
episode    564, score -16, own  5, enemy 21, mean -16.57
episode    565, score -12, own  9, enemy 21, mean -16.56
episode    566, score -20, own  1, enemy 21, mean -16.52
episode    567, score -15, own  6, enemy 21, mean -16.55
episode    568, score -21, own  0, enemy 21, mean -16.54
episode    569, score -19, own  2, enemy 21, mean -16.58
episode    570, score -16, own  5, enemy 21, mean -16.61
episode    571, score -15, own  6, enemy 21, mean -16.60
episode    572, score -15, own  6, enemy 21, mean -16.58
episode    573, score -11, own 10, enemy 21, mean -16.57
episode    574, score -19, own  2, enemy 21, mean -16.51
episode    575, score -21, own  0, enemy 21, mean -16.54
episode    576, score -17, own  4, enemy 21, mean -16.58
episode    577, score -21, own  0, enemy 21, mean -16.59
episode    578, score -13, own  8, enemy 21, mean -16.63
episode    579, score -15, own  6, enemy 21, mean -16.59
episode    580, score -12, own  9, enemy 21, mean -16.58
episode    581, score -8, own 13, enemy 21, mean -16.53
episode    582, score -17, own  4, enemy 21, mean -16.45
episode    583, score -18, own  3, enemy 21, mean -16.45
episode    584, score -16, own  5, enemy 21, mean -16.47
episode    585, score -18, own  3, enemy 21, mean -16.46
episode    586, score -10, own 11, enemy 21, mean -16.48
episode    587, score -19, own  2, enemy 21, mean -16.41
episode    588, score -15, own  6, enemy 21, mean -16.44
episode    589, score -14, own  7, enemy 21, mean -16.42
episode    590, score -12, own  9, enemy 21, mean -16.40
episode    591, score -16, own  5, enemy 21, mean -16.36
episode    592, score -16, own  5, enemy 21, mean -16.35
episode    593, score -16, own  5, enemy 21, mean -16.35
episode    594, score -10, own 11, enemy 21, mean -16.35
episode    595, score -17, own  4, enemy 21, mean -16.28
episode    596, score -15, own  6, enemy 21, mean -16.29
episode    597, score -18, own  3, enemy 21, mean -16.28
episode    598, score -14, own  7, enemy 21, mean -16.29
episode    599, score -17, own  4, enemy 21, mean -16.27
episode    600, score -17, own  4, enemy 21, mean -16.28
episode    601, score -17, own  4, enemy 21, mean -16.29
episode    602, score -17, own  4, enemy 21, mean -16.29
episode    603, score -18, own  3, enemy 21, mean -16.30
episode    604, score -16, own  5, enemy 21, mean -16.32
episode    605, score -18, own  3, enemy 21, mean -16.31
episode    606, score -14, own  7, enemy 21, mean -16.33
episode    607, score -17, own  4, enemy 21, mean -16.31
episode    608, score -17, own  4, enemy 21, mean -16.31
episode    609, score -15, own  6, enemy 21, mean -16.32
episode    610, score -18, own  3, enemy 21, mean -16.31
episode    611, score -15, own  6, enemy 21, mean -16.32
episode    612, score -17, own  4, enemy 21, mean -16.31
episode    613, score -19, own  2, enemy 21, mean -16.32
episode    614, score -19, own  2, enemy 21, mean -16.35
episode    615, score -19, own  2, enemy 21, mean -16.37
episode    616, score -14, own  7, enemy 21, mean -16.40
episode    617, score -16, own  5, enemy 21, mean -16.37
episode    618, score -19, own  2, enemy 21, mean -16.37
episode    619, score -19, own  2, enemy 21, mean -16.40
episode    620, score -17, own  4, enemy 21, mean -16.42
episode    621, score -15, own  6, enemy 21, mean -16.43
episode    622, score -16, own  5, enemy 21, mean -16.41
episode    623, score -14, own  7, enemy 21, mean -16.41
episode    624, score -14, own  7, enemy 21, mean -16.39
episode    625, score -12, own  9, enemy 21, mean -16.36
episode    626, score -11, own 10, enemy 21, mean -16.32
episode    627, score -13, own  8, enemy 21, mean -16.27
episode    628, score -19, own  2, enemy 21, mean -16.23
episode    629, score -15, own  6, enemy 21, mean -16.26
episode    630, score -18, own  3, enemy 21, mean -16.25
episode    631, score -14, own  7, enemy 21, mean -16.27
episode    632, score -17, own  4, enemy 21, mean -16.24
episode    633, score -18, own  3, enemy 21, mean -16.25
episode    634, score -16, own  5, enemy 21, mean -16.27
episode    635, score -17, own  4, enemy 21, mean -16.26
episode    636, score -15, own  6, enemy 21, mean -16.27
episode    637, score -16, own  5, enemy 21, mean -16.26
episode    638, score -17, own  4, enemy 21, mean -16.26
episode    639, score -17, own  4, enemy 21, mean -16.26
episode    640, score -21, own  0, enemy 21, mean -16.27
episode    641, score -15, own  6, enemy 21, mean -16.32
episode    642, score -15, own  6, enemy 21, mean -16.31
episode    643, score -18, own  3, enemy 21, mean -16.29
episode    644, score -15, own  6, enemy 21, mean -16.31
episode    645, score -11, own 10, enemy 21, mean -16.30
episode    646, score -9, own 12, enemy 21, mean -16.24
episode    647, score -17, own  4, enemy 21, mean -16.17
episode    648, score -18, own  3, enemy 21, mean -16.18
episode    649, score -19, own  2, enemy 21, mean -16.20
episode    650, score -16, own  5, enemy 21, mean -16.23
episode    651, score -17, own  4, enemy 21, mean -16.22
episode    652, score -16, own  5, enemy 21, mean -16.23
episode    653, score -18, own  3, enemy 21, mean -16.23
episode    654, score -12, own  9, enemy 21, mean -16.25
episode    655, score -11, own 10, enemy 21, mean -16.20
episode    656, score -14, own  7, enemy 21, mean -16.15
episode    657, score -8, own 13, enemy 21, mean -16.13
episode    658, score -13, own  8, enemy 21, mean -16.05
episode    659, score -19, own  2, enemy 21, mean -16.02
episode    660, score -16, own  5, enemy 21, mean -16.05
episode    661, score -17, own  4, enemy 21, mean -16.05
episode    662, score -19, own  2, enemy 21, mean -16.06
episode    663, score -16, own  5, enemy 21, mean -16.09
episode    664, score -18, own  3, enemy 21, mean -16.09
episode    665, score -19, own  2, enemy 21, mean -16.11
episode    666, score -14, own  7, enemy 21, mean -16.13
episode    667, score -16, own  5, enemy 21, mean -16.11
episode    668, score -12, own  9, enemy 21, mean -16.11
episode    669, score -15, own  6, enemy 21, mean -16.07
episode    670, score -15, own  6, enemy 21, mean -16.06
episode    671, score -14, own  7, enemy 21, mean -16.05
episode    672, score -15, own  6, enemy 21, mean -16.03
episode    673, score -16, own  5, enemy 21, mean -16.02
episode    674, score -16, own  5, enemy 21, mean -16.02
episode    675, score -15, own  6, enemy 21, mean -16.02
episode    676, score -14, own  7, enemy 21, mean -16.01
episode    677, score -19, own  2, enemy 21, mean -15.99
episode    678, score -8, own 13, enemy 21, mean -16.02
episode    679, score -17, own  4, enemy 21, mean -15.94
episode    680, score -16, own  5, enemy 21, mean -15.95
episode    681, score -16, own  5, enemy 21, mean -15.95
episode    682, score -17, own  4, enemy 21, mean -15.95
episode    683, score -8, own 13, enemy 21, mean -15.96
episode    684, score -19, own  2, enemy 21, mean -15.88
episode    685, score -16, own  5, enemy 21, mean -15.91
episode    686, score -16, own  5, enemy 21, mean -15.91
episode    687, score -9, own 12, enemy 21, mean -15.91
episode    688, score -19, own  2, enemy 21, mean -15.84
episode    689, score -17, own  4, enemy 21, mean -15.88
episode    690, score -19, own  2, enemy 21, mean -15.89
episode    691, score -13, own  8, enemy 21, mean -15.92
episode    692, score -19, own  2, enemy 21, mean -15.89
episode    693, score -10, own 11, enemy 21, mean -15.92
episode    694, score -9, own 12, enemy 21, mean -15.86
episode    695, score -17, own  4, enemy 21, mean -15.79
episode    696, score -15, own  6, enemy 21, mean -15.80
episode    697, score -18, own  3, enemy 21, mean -15.80
episode    698, score -18, own  3, enemy 21, mean -15.82
episode    699, score -14, own  7, enemy 21, mean -15.84
episode    700, score -14, own  7, enemy 21, mean -15.82
episode    701, score -9, own 12, enemy 21, mean -15.80
episode    702, score -14, own  7, enemy 21, mean -15.74
episode    703, score -13, own  8, enemy 21, mean -15.72
episode    704, score -14, own  7, enemy 21, mean -15.69
episode    705, score -12, own  9, enemy 21, mean -15.67
episode    706, score -12, own  9, enemy 21, mean -15.64
episode    707, score -17, own  4, enemy 21, mean -15.60
episode    708, score -16, own  5, enemy 21, mean -15.61
episode    709, score -17, own  4, enemy 21, mean -15.62
episode    710, score -11, own 10, enemy 21, mean -15.63
episode    711, score -14, own  7, enemy 21, mean -15.59
episode    712, score -14, own  7, enemy 21, mean -15.57
episode    713, score -19, own  2, enemy 21, mean -15.55
episode    714, score -17, own  4, enemy 21, mean -15.59
episode    715, score -21, own  0, enemy 21, mean -15.60
episode    716, score -18, own  3, enemy 21, mean -15.66
episode    717, score -19, own  2, enemy 21, mean -15.68
episode    718, score -17, own  4, enemy 21, mean -15.71
episode    719, score -15, own  6, enemy 21, mean -15.73
episode    720, score -16, own  5, enemy 21, mean -15.72
episode    721, score -11, own 10, enemy 21, mean -15.72
episode    722, score -14, own  7, enemy 21, mean -15.68
episode    723, score -11, own 10, enemy 21, mean -15.66
episode    724, score -19, own  2, enemy 21, mean -15.61
episode    725, score -13, own  8, enemy 21, mean -15.65
episode    726, score -14, own  7, enemy 21, mean -15.62
episode    727, score -11, own 10, enemy 21, mean -15.60
episode    728, score -15, own  6, enemy 21, mean -15.56
episode    729, score -18, own  3, enemy 21, mean -15.55
episode    730, score -15, own  6, enemy 21, mean -15.58
episode    731, score -20, own  1, enemy 21, mean -15.57
episode    732, score -10, own 11, enemy 21, mean -15.61
episode    733, score -14, own  7, enemy 21, mean -15.56
episode    734, score -9, own 12, enemy 21, mean -15.54
episode    735, score -15, own  6, enemy 21, mean -15.48
episode    736, score -16, own  5, enemy 21, mean -15.47
episode    737, score -15, own  6, enemy 21, mean -15.48
episode    738, score -16, own  5, enemy 21, mean -15.47
episode    739, score -14, own  7, enemy 21, mean -15.48
episode    740, score -18, own  3, enemy 21, mean -15.46
episode    741, score -13, own  8, enemy 21, mean -15.49
episode    742, score -12, own  9, enemy 21, mean -15.46
episode    743, score -18, own  3, enemy 21, mean -15.43
episode    744, score -21, own  0, enemy 21, mean -15.46
episode    745, score -15, own  6, enemy 21, mean -15.51
episode    746, score -11, own 10, enemy 21, mean -15.51
episode    747, score -12, own  9, enemy 21, mean -15.46
episode    748, score -13, own  8, enemy 21, mean -15.43
episode    749, score -16, own  5, enemy 21, mean -15.40
episode    750, score -20, own  1, enemy 21, mean -15.41
episode    751, score -16, own  5, enemy 21, mean -15.45
episode    752, score -15, own  6, enemy 21, mean -15.46
episode    753, score -15, own  6, enemy 21, mean -15.45
episode    754, score -11, own 10, enemy 21, mean -15.45
episode    755, score -15, own  6, enemy 21, mean -15.41
episode    756, score -12, own  9, enemy 21, mean -15.40
episode    757, score -12, own  9, enemy 21, mean -15.37
episode    758, score -14, own  7, enemy 21, mean -15.33
episode    759, score -16, own  5, enemy 21, mean -15.32
episode    760, score -13, own  8, enemy 21, mean -15.33
episode    761, score -8, own 13, enemy 21, mean -15.30
episode    762, score -15, own  6, enemy 21, mean -15.23
episode    763, score -13, own  8, enemy 21, mean -15.23
episode    764, score -12, own  9, enemy 21, mean -15.21
episode    765, score -18, own  3, enemy 21, mean -15.17
episode    766, score -14, own  7, enemy 21, mean -15.20
episode    767, score -9, own 12, enemy 21, mean -15.19
episode    768, score -16, own  5, enemy 21, mean -15.13
episode    769, score -17, own  4, enemy 21, mean -15.14
episode    770, score -16, own  5, enemy 21, mean -15.16
episode    771, score -10, own 11, enemy 21, mean -15.16
episode    772, score -13, own  8, enemy 21, mean -15.11
episode    773, score -16, own  5, enemy 21, mean -15.09
episode    774, score -12, own  9, enemy 21, mean -15.10
episode    775, score -17, own  4, enemy 21, mean -15.07
episode    776, score -15, own  6, enemy 21, mean -15.09
episode    777, score -10, own 11, enemy 21, mean -15.09
episode    778, score -9, own 12, enemy 21, mean -15.04
episode    779, score -17, own  4, enemy 21, mean -14.98
episode    780, score -14, own  7, enemy 21, mean -15.00
episode    781, score -17, own  4, enemy 21, mean -14.99
episode    782, score -16, own  5, enemy 21, mean -15.01
episode    783, score -14, own  7, enemy 21, mean -15.02
episode    784, score -12, own  9, enemy 21, mean -15.01
episode    785, score -9, own 12, enemy 21, mean -14.98
episode    786, score -8, own 13, enemy 21, mean -14.92
episode    787, score -15, own  6, enemy 21, mean -14.85
episode    788, score -13, own  8, enemy 21, mean -14.85
episode    789, score -13, own  8, enemy 21, mean -14.83
episode    790, score -12, own  9, enemy 21, mean -14.81
episode    791, score -9, own 12, enemy 21, mean -14.78
episode    792, score -9, own 12, enemy 21, mean -14.73
episode    793, score -15, own  6, enemy 21, mean -14.67
episode    794, score -14, own  7, enemy 21, mean -14.67
episode    795, score -10, own 11, enemy 21, mean -14.67
episode    796, score -18, own  3, enemy 21, mean -14.62
episode    797, score -13, own  8, enemy 21, mean -14.65
episode    798, score -13, own  8, enemy 21, mean -14.64
episode    799, score -13, own  8, enemy 21, mean -14.62
episode    800, score -20, own  1, enemy 21, mean -14.60
episode    801, score -18, own  3, enemy 21, mean -14.66
episode    802, score -14, own  7, enemy 21, mean -14.69
episode    803, score -15, own  6, enemy 21, mean -14.68
episode    804, score -15, own  6, enemy 21, mean -14.69
episode    805, score -14, own  7, enemy 21, mean -14.69
episode    806, score -16, own  5, enemy 21, mean -14.68
episode    807, score -5, own 16, enemy 21, mean -14.70
episode    808, score -19, own  2, enemy 21, mean -14.60
episode    809, score -14, own  7, enemy 21, mean -14.64
episode    810, score -11, own 10, enemy 21, mean -14.64
episode    811, score -11, own 10, enemy 21, mean -14.60
episode    812, score -13, own  8, enemy 21, mean -14.57
episode    813, score -9, own 12, enemy 21, mean -14.55
episode    814, score -11, own 10, enemy 21, mean -14.49
episode    815, score -14, own  7, enemy 21, mean -14.46
episode    816, score -18, own  3, enemy 21, mean -14.45
episode    817, score -16, own  5, enemy 21, mean -14.49
episode    818, score -15, own  6, enemy 21, mean -14.50
episode    819, score -8, own 13, enemy 21, mean -14.51
episode    820, score -16, own  5, enemy 21, mean -14.44
episode    821, score -18, own  3, enemy 21, mean -14.46
episode    822, score -17, own  4, enemy 21, mean -14.50
episode    823, score -11, own 10, enemy 21, mean -14.52
episode    824, score -10, own 11, enemy 21, mean -14.49
episode    825, score -12, own  9, enemy 21, mean -14.44
episode    826, score -15, own  6, enemy 21, mean -14.42
episode    827, score -17, own  4, enemy 21, mean -14.42
episode    828, score -9, own 12, enemy 21, mean -14.45
episode    829, score -8, own 13, enemy 21, mean -14.39
episode    830, score -14, own  7, enemy 21, mean -14.33
episode    831, score -10, own 11, enemy 21, mean -14.33
episode    832, score -16, own  5, enemy 21, mean -14.28
episode    833, score -12, own  9, enemy 21, mean -14.30
episode    834, score -14, own  7, enemy 21, mean -14.28
episode    835, score -14, own  7, enemy 21, mean -14.27
episode    836, score -7, own 14, enemy 21, mean -14.27
episode    837, score -10, own 11, enemy 21, mean -14.20
episode    838, score -19, own  2, enemy 21, mean -14.16
episode    839, score -12, own  9, enemy 21, mean -14.21
episode    840, score -10, own 11, enemy 21, mean -14.18
episode    841, score -11, own 10, enemy 21, mean -14.14
episode    842, score -13, own  8, enemy 21, mean -14.11
episode    843, score -13, own  8, enemy 21, mean -14.10
episode    844, score -16, own  5, enemy 21, mean -14.09
episode    845, score -12, own  9, enemy 21, mean -14.11
episode    846, score -13, own  8, enemy 21, mean -14.09
episode    847, score -17, own  4, enemy 21, mean -14.08
episode    848, score -10, own 11, enemy 21, mean -14.10
episode    849, score -11, own 10, enemy 21, mean -14.06
episode    850, score -16, own  5, enemy 21, mean -14.03
episode    851, score -18, own  3, enemy 21, mean -14.05
episode    852, score -12, own  9, enemy 21, mean -14.09
episode    853, score -15, own  6, enemy 21, mean -14.07
episode    854, score -19, own  2, enemy 21, mean -14.08
episode    855, score -13, own  8, enemy 21, mean -14.13
episode    856, score -15, own  6, enemy 21, mean -14.12
episode    857, score -11, own 10, enemy 21, mean -14.13
episode    858, score -18, own  3, enemy 21, mean -14.10
episode    859, score -17, own  4, enemy 21, mean -14.13
episode    860, score -10, own 11, enemy 21, mean -14.16
episode    861, score -14, own  7, enemy 21, mean -14.12
episode    862, score -12, own  9, enemy 21, mean -14.12
episode    863, score -10, own 11, enemy 21, mean -14.10
episode    864, score -15, own  6, enemy 21, mean -14.06
episode    865, score -13, own  8, enemy 21, mean -14.07
episode    866, score -14, own  7, enemy 21, mean -14.06
episode    867, score -7, own 14, enemy 21, mean -14.06
episode    868, score -8, own 13, enemy 21, mean -13.99
episode    869, score -18, own  3, enemy 21, mean -13.93
episode    870, score -2, own 19, enemy 21, mean -13.97
episode    871, score -18, own  3, enemy 21, mean -13.85
episode    872, score -11, own 10, enemy 21, mean -13.89
episode    873, score -15, own  6, enemy 21, mean -13.86
episode    874, score -15, own  6, enemy 21, mean -13.87
episode    875, score -16, own  5, enemy 21, mean -13.88
episode    876, score -10, own 11, enemy 21, mean -13.90
episode    877, score -8, own 13, enemy 21, mean -13.86
episode    878, score -16, own  5, enemy 21, mean -13.81
episode    879, score -20, own  1, enemy 21, mean -13.83
episode    880, score -12, own  9, enemy 21, mean -13.89
episode    881, score -17, own  4, enemy 21, mean -13.87
episode    882, score -11, own 10, enemy 21, mean -13.90
episode    883, score -14, own  7, enemy 21, mean -13.87
episode    884, score -14, own  7, enemy 21, mean -13.87
episode    885, score -9, own 12, enemy 21, mean -13.88
episode    886, score -14, own  7, enemy 21, mean -13.83
episode    887, score -15, own  6, enemy 21, mean -13.83
episode    888, score -8, own 13, enemy 21, mean -13.84
episode    889, score -15, own  6, enemy 21, mean -13.78
episode    890, score -7, own 14, enemy 21, mean -13.79
episode    891, score -13, own  8, enemy 21, mean -13.73
episode    892, score -13, own  8, enemy 21, mean -13.72
episode    893, score -14, own  7, enemy 21, mean -13.71
episode    894, score -12, own  9, enemy 21, mean -13.71
episode    895, score -14, own  7, enemy 21, mean -13.70
episode    896, score -14, own  7, enemy 21, mean -13.70
episode    897, score -10, own 11, enemy 21, mean -13.70
episode    898, score -15, own  6, enemy 21, mean -13.67
episode    899, score -19, own  2, enemy 21, mean -13.68
episode    900, score -13, own  8, enemy 21, mean -13.73
episode    901, score -11, own 10, enemy 21, mean -13.73
episode    902, score -17, own  4, enemy 21, mean -13.70
episode    903, score -15, own  6, enemy 21, mean -13.73
episode    904, score -13, own  8, enemy 21, mean -13.74
episode    905, score -15, own  6, enemy 21, mean -13.74
episode    906, score -12, own  9, enemy 21, mean -13.75
episode    907, score -9, own 12, enemy 21, mean -13.73
episode    908, score -17, own  4, enemy 21, mean -13.68
episode    909, score -15, own  6, enemy 21, mean -13.72
episode    910, score -18, own  3, enemy 21, mean -13.73
episode    911, score -17, own  4, enemy 21, mean -13.77
episode    912, score -13, own  8, enemy 21, mean -13.81
episode    913, score -14, own  7, enemy 21, mean -13.80
episode    914, score -15, own  6, enemy 21, mean -13.80
episode    915, score -15, own  6, enemy 21, mean -13.81
episode    916, score -19, own  2, enemy 21, mean -13.82
episode    917, score -14, own  7, enemy 21, mean -13.87
episode    918, score -15, own  6, enemy 21, mean -13.88
episode    919, score -15, own  6, enemy 21, mean -13.89
episode    920, score -11, own 10, enemy 21, mean -13.90
episode    921, score -13, own  8, enemy 21, mean -13.87
episode    922, score -13, own  8, enemy 21, mean -13.86
episode    923, score -14, own  7, enemy 21, mean -13.85
episode    924, score -17, own  4, enemy 21, mean -13.85
episode    925, score -19, own  2, enemy 21, mean -13.89
episode    926, score -14, own  7, enemy 21, mean -13.94
episode    927, score -12, own  9, enemy 21, mean -13.94
episode    928, score -15, own  6, enemy 21, mean -13.92
episode    929, score -11, own 10, enemy 21, mean -13.93
episode    930, score -11, own 10, enemy 21, mean -13.90
episode    931, score -4, own 17, enemy 21, mean -13.87
episode    932, score -17, own  4, enemy 21, mean -13.77
episode    933, score -16, own  5, enemy 21, mean -13.80
episode    934, score -12, own  9, enemy 21, mean -13.83
episode    935, score -17, own  4, enemy 21, mean -13.81
episode    936, score -16, own  5, enemy 21, mean -13.84
episode    937, score -9, own 12, enemy 21, mean -13.86
episode    938, score -6, own 15, enemy 21, mean -13.81
episode    939, score -15, own  6, enemy 21, mean -13.73
episode    940, score -16, own  5, enemy 21, mean -13.75
episode    941, score -14, own  7, enemy 21, mean -13.77
episode    942, score -8, own 13, enemy 21, mean -13.77
episode    943, score -16, own  5, enemy 21, mean -13.71
episode    944, score -16, own  5, enemy 21, mean -13.74
episode    945, score -20, own  1, enemy 21, mean -13.76
episode    946, score -14, own  7, enemy 21, mean -13.82
episode    947, score -16, own  5, enemy 21, mean -13.82
episode    948, score -17, own  4, enemy 21, mean -13.85
episode    949, score -15, own  6, enemy 21, mean -13.88
episode    950, score -14, own  7, enemy 21, mean -13.89
episode    951, score -10, own 11, enemy 21, mean -13.89
episode    952, score -16, own  5, enemy 21, mean -13.85
episode    953, score -12, own  9, enemy 21, mean -13.87
episode    954, score -13, own  8, enemy 21, mean -13.85
episode    955, score -13, own  8, enemy 21, mean -13.84
episode    956, score -10, own 11, enemy 21, mean -13.84
episode    957, score -10, own 11, enemy 21, mean -13.80
episode    958, score -17, own  4, enemy 21, mean -13.76
episode    959, score -12, own  9, enemy 21, mean -13.79
episode    960, score -14, own  7, enemy 21, mean -13.77
episode    961, score -12, own  9, enemy 21, mean -13.78
episode    962, score -6, own 15, enemy 21, mean -13.76
episode    963, score -15, own  6, enemy 21, mean -13.68
episode    964, score -16, own  5, enemy 21, mean -13.69
episode    965, score -12, own  9, enemy 21, mean -13.72
episode    966, score -13, own  8, enemy 21, mean -13.70
episode    967, score -17, own  4, enemy 21, mean -13.69
episode    968, score -14, own  7, enemy 21, mean -13.73
episode    969, score -15, own  6, enemy 21, mean -13.73
episode    970, score -12, own  9, enemy 21, mean -13.74
episode    971, score -17, own  4, enemy 21, mean -13.72
episode    972, score -20, own  1, enemy 21, mean -13.76
episode    973, score -15, own  6, enemy 21, mean -13.82
episode    974, score -16, own  5, enemy 21, mean -13.83
episode    975, score -9, own 12, enemy 21, mean -13.85
episode    976, score -17, own  4, enemy 21, mean -13.80
episode    977, score -10, own 11, enemy 21, mean -13.84
episode    978, score -18, own  3, enemy 21, mean -13.80
episode    979, score -14, own  7, enemy 21, mean -13.84
episode    980, score -15, own  6, enemy 21, mean -13.84
episode    981, score -13, own  8, enemy 21, mean -13.85
episode    982, score -15, own  6, enemy 21, mean -13.84
episode    983, score -11, own 10, enemy 21, mean -13.86
episode    984, score -10, own 11, enemy 21, mean -13.83
episode    985, score -10, own 11, enemy 21, mean -13.79
episode    986, score -8, own 13, enemy 21, mean -13.75
episode    987, score -13, own  8, enemy 21, mean -13.69
episode    988, score -14, own  7, enemy 21, mean -13.69
episode    989, score -14, own  7, enemy 21, mean -13.69
episode    990, score -13, own  8, enemy 21, mean -13.69
episode    991, score -4, own 17, enemy 21, mean -13.69
episode    992, score -14, own  7, enemy 21, mean -13.59
episode    993, score -17, own  4, enemy 21, mean -13.59
episode    994, score -9, own 12, enemy 21, mean -13.63
episode    995, score -11, own 10, enemy 21, mean -13.58
episode    996, score -10, own 11, enemy 21, mean -13.56
episode    997, score -16, own  5, enemy 21, mean -13.52
episode    998, score -16, own  5, enemy 21, mean -13.54
episode    999, score -13, own  8, enemy 21, mean -13.57
episode   1000, score -17, own  4, enemy 21, mean -13.56
episode   1001, score -12, own  9, enemy 21, mean -13.60
episode   1002, score -13, own  8, enemy 21, mean -13.58
episode   1003, score -18, own  3, enemy 21, mean -13.58
episode   1004, score -16, own  5, enemy 21, mean -13.62
episode   1005, score -15, own  6, enemy 21, mean -13.64
episode   1006, score -16, own  5, enemy 21, mean -13.66
episode   1007, score -13, own  8, enemy 21, mean -13.68
episode   1008, score -6, own 15, enemy 21, mean -13.67
episode   1009, score -16, own  5, enemy 21, mean -13.60
episode   1010, score -12, own  9, enemy 21, mean -13.62
episode   1011, score -10, own 11, enemy 21, mean -13.61
episode   1012, score -16, own  5, enemy 21, mean -13.57
episode   1013, score -14, own  7, enemy 21, mean -13.59
episode   1014, score -19, own  2, enemy 21, mean -13.60
episode   1015, score -12, own  9, enemy 21, mean -13.65
episode   1016, score -12, own  9, enemy 21, mean -13.64
episode   1017, score -8, own 13, enemy 21, mean -13.62
episode   1018, score -14, own  7, enemy 21, mean -13.56
episode   1019, score -9, own 12, enemy 21, mean -13.57
episode   1020, score -10, own 11, enemy 21, mean -13.52
episode   1021, score -11, own 10, enemy 21, mean -13.49
episode   1022, score -12, own  9, enemy 21, mean -13.46
episode   1023, score -14, own  7, enemy 21, mean -13.45
episode   1024, score -16, own  5, enemy 21, mean -13.45
episode   1025, score -11, own 10, enemy 21, mean -13.48
episode   1026, score -16, own  5, enemy 21, mean -13.45
episode   1027, score -18, own  3, enemy 21, mean -13.48
episode   1028, score -10, own 11, enemy 21, mean -13.52
episode   1029, score -14, own  7, enemy 21, mean -13.49
episode   1030, score -10, own 11, enemy 21, mean -13.49
episode   1031, score -10, own 11, enemy 21, mean -13.46
episode   1032, score -12, own  9, enemy 21, mean -13.42
episode   1033, score -6, own 15, enemy 21, mean -13.41
episode   1034, score -14, own  7, enemy 21, mean -13.34
episode   1035, score -6, own 15, enemy 21, mean -13.34
episode   1036, score -14, own  7, enemy 21, mean -13.27
episode   1037, score -16, own  5, enemy 21, mean -13.28
episode   1038, score -17, own  4, enemy 21, mean -13.30
episode   1039, score -12, own  9, enemy 21, mean -13.34
episode   1040, score -17, own  4, enemy 21, mean -13.33
episode   1041, score -11, own 10, enemy 21, mean -13.36
episode   1042, score -15, own  6, enemy 21, mean -13.34
episode   1043, score -12, own  9, enemy 21, mean -13.36
episode   1044, score -18, own  3, enemy 21, mean -13.34
episode   1045, score -14, own  7, enemy 21, mean -13.39
episode   1046, score -13, own  8, enemy 21, mean -13.40
episode   1047, score -16, own  5, enemy 21, mean -13.39
episode   1048, score -14, own  7, enemy 21, mean -13.42
episode   1049, score -14, own  7, enemy 21, mean -13.42
episode   1050, score -16, own  5, enemy 21, mean -13.43
episode   1051, score -14, own  7, enemy 21, mean -13.46
episode   1052, score -12, own  9, enemy 21, mean -13.46
episode   1053, score -12, own  9, enemy 21, mean -13.45
episode   1054, score -17, own  4, enemy 21, mean -13.43
episode   1055, score -15, own  6, enemy 21, mean -13.47
episode   1056, score -15, own  6, enemy 21, mean -13.48
episode   1057, score -15, own  6, enemy 21, mean -13.50
episode   1058, score -17, own  4, enemy 21, mean -13.51
episode   1059, score -12, own  9, enemy 21, mean -13.55
episode   1060, score -13, own  8, enemy 21, mean -13.53
episode   1061, score -9, own 12, enemy 21, mean -13.53
episode   1062, score -13, own  8, enemy 21, mean -13.48
episode   1063, score -16, own  5, enemy 21, mean -13.48
episode   1064, score -10, own 11, enemy 21, mean -13.50
episode   1065, score -13, own  8, enemy 21, mean -13.47
episode   1066, score -18, own  3, enemy 21, mean -13.46
episode   1067, score -13, own  8, enemy 21, mean -13.51
episode   1068, score -20, own  1, enemy 21, mean -13.50
episode   1069, score -15, own  6, enemy 21, mean -13.57
episode   1070, score -14, own  7, enemy 21, mean -13.58
episode   1071, score -13, own  8, enemy 21, mean -13.59
episode   1072, score -12, own  9, enemy 21, mean -13.58
episode   1073, score -18, own  3, enemy 21, mean -13.56
episode   1074, score -15, own  6, enemy 21, mean -13.61
episode   1075, score -12, own  9, enemy 21, mean -13.62
episode   1076, score -12, own  9, enemy 21, mean -13.61
episode   1077, score -16, own  5, enemy 21, mean -13.59
episode   1078, score -8, own 13, enemy 21, mean -13.61
episode   1079, score -6, own 15, enemy 21, mean -13.56
episode   1080, score -20, own  1, enemy 21, mean -13.48
episode   1081, score -14, own  7, enemy 21, mean -13.55
episode   1082, score -10, own 11, enemy 21, mean -13.55
episode   1083, score -17, own  4, enemy 21, mean -13.52
episode   1084, score -9, own 12, enemy 21, mean -13.55
episode   1085, score -14, own  7, enemy 21, mean -13.51
episode   1086, score -13, own  8, enemy 21, mean -13.51
episode   1087, score -8, own 13, enemy 21, mean -13.51
episode   1088, score -14, own  7, enemy 21, mean -13.45
episode   1089, score -8, own 13, enemy 21, mean -13.46
episode   1090, score -16, own  5, enemy 21, mean -13.40
episode   1091, score -11, own 10, enemy 21, mean -13.43
episode   1092, score -4, own 17, enemy 21, mean -13.40
episode   1093, score -13, own  8, enemy 21, mean -13.31
episode   1094, score -10, own 11, enemy 21, mean -13.31
episode   1095, score -15, own  6, enemy 21, mean -13.27
episode   1096, score -14, own  7, enemy 21, mean -13.29
episode   1097, score -6, own 15, enemy 21, mean -13.30
episode   1098, score -12, own  9, enemy 21, mean -13.22
episode   1099, score -12, own  9, enemy 21, mean -13.21
episode   1100, score -18, own  3, enemy 21, mean -13.20
episode   1101, score -11, own 10, enemy 21, mean -13.25
episode   1102, score -9, own 12, enemy 21, mean -13.23
episode   1103, score -12, own  9, enemy 21, mean -13.18
episode   1104, score -8, own 13, enemy 21, mean -13.17
episode   1105, score -12, own  9, enemy 21, mean -13.12
episode   1106, score -15, own  6, enemy 21, mean -13.11
episode   1107, score -14, own  7, enemy 21, mean -13.13
episode   1108, score -19, own  2, enemy 21, mean -13.14
episode   1109, score -16, own  5, enemy 21, mean -13.20
episode   1110, score -15, own  6, enemy 21, mean -13.22
episode   1111, score -18, own  3, enemy 21, mean -13.24
episode   1112, score -11, own 10, enemy 21, mean -13.29
episode   1113, score -8, own 13, enemy 21, mean -13.27
episode   1114, score -18, own  3, enemy 21, mean -13.21
episode   1115, score -13, own  8, enemy 21, mean -13.26
episode   1116, score -16, own  5, enemy 21, mean -13.26
episode   1117, score -13, own  8, enemy 21, mean -13.29
episode   1118, score -18, own  3, enemy 21, mean -13.28
episode   1119, score -19, own  2, enemy 21, mean -13.33
episode   1120, score -10, own 11, enemy 21, mean -13.39
episode   1121, score -11, own 10, enemy 21, mean -13.35
episode   1122, score -12, own  9, enemy 21, mean -13.33
episode   1123, score -14, own  7, enemy 21, mean -13.32
episode   1124, score -11, own 10, enemy 21, mean -13.32
episode   1125, score -16, own  5, enemy 21, mean -13.30
episode   1126, score -10, own 11, enemy 21, mean -13.33
episode   1127, score -10, own 11, enemy 21, mean -13.29
episode   1128, score -14, own  7, enemy 21, mean -13.26
episode   1129, score -11, own 10, enemy 21, mean -13.27
episode   1130, score -17, own  4, enemy 21, mean -13.25
episode   1131, score -18, own  3, enemy 21, mean -13.28
episode   1132, score -8, own 13, enemy 21, mean -13.33
episode   1133, score -14, own  7, enemy 21, mean -13.28
episode   1134, score -13, own  8, enemy 21, mean -13.28
episode   1135, score -13, own  8, enemy 21, mean -13.28
episode   1136, score -15, own  6, enemy 21, mean -13.28
episode   1137, score -12, own  9, enemy 21, mean -13.30
episode   1138, score -8, own 13, enemy 21, mean -13.28
episode   1139, score -10, own 11, enemy 21, mean -13.23
episode   1140, score -17, own  4, enemy 21, mean -13.20
episode   1141, score -11, own 10, enemy 21, mean -13.24
episode   1142, score -6, own 15, enemy 21, mean -13.21
episode   1143, score -17, own  4, enemy 21, mean -13.14
episode   1144, score -15, own  6, enemy 21, mean -13.18
episode   1145, score -10, own 11, enemy 21, mean -13.20
episode   1146, score -17, own  4, enemy 21, mean -13.17
episode   1147, score -11, own 10, enemy 21, mean -13.20
episode   1148, score -13, own  8, enemy 21, mean -13.18
episode   1149, score -16, own  5, enemy 21, mean -13.18
episode   1150, score -18, own  3, enemy 21, mean -13.21
episode   1151, score -18, own  3, enemy 21, mean -13.26
episode   1152, score -5, own 16, enemy 21, mean -13.30
episode   1153, score -6, own 15, enemy 21, mean -13.22
episode   1154, score -10, own 11, enemy 21, mean -13.15
episode   1155, score -18, own  3, enemy 21, mean -13.12
episode   1156, score -11, own 10, enemy 21, mean -13.17
episode   1157, score -10, own 11, enemy 21, mean -13.14
episode   1158, score -11, own 10, enemy 21, mean -13.11
episode   1159, score -12, own  9, enemy 21, mean -13.09
episode   1160, score -13, own  8, enemy 21, mean -13.08
episode   1161, score -18, own  3, enemy 21, mean -13.08
episode   1162, score -18, own  3, enemy 21, mean -13.13
episode   1163, score -13, own  8, enemy 21, mean -13.18
episode   1164, score -8, own 13, enemy 21, mean -13.18
episode   1165, score -2, own 19, enemy 21, mean -13.12
episode   1166, score -12, own  9, enemy 21, mean -13.01
episode   1167, score -14, own  7, enemy 21, mean -13.00
episode   1168, score -4, own 17, enemy 21, mean -13.01
episode   1169, score -13, own  8, enemy 21, mean -12.92
episode   1170, score -15, own  6, enemy 21, mean -12.92
episode   1171, score -15, own  6, enemy 21, mean -12.94
episode   1172, score -16, own  5, enemy 21, mean -12.96
episode   1173, score -10, own 11, enemy 21, mean -13.00
episode   1174, score -13, own  8, enemy 21, mean -12.97
episode   1175, score -13, own  8, enemy 21, mean -12.97
episode   1176, score -12, own  9, enemy 21, mean -12.97
episode   1177, score -5, own 16, enemy 21, mean -12.96
episode   1178, score -14, own  7, enemy 21, mean -12.88
episode   1179, score -14, own  7, enemy 21, mean -12.89
episode   1180, score -7, own 14, enemy 21, mean -12.90
episode   1181, score -14, own  7, enemy 21, mean -12.84
episode   1182, score -20, own  1, enemy 21, mean -12.85
episode   1183, score -9, own 12, enemy 21, mean -12.92
episode   1184, score -14, own  7, enemy 21, mean -12.88
episode   1185, score -8, own 13, enemy 21, mean -12.90
episode   1186, score -17, own  4, enemy 21, mean -12.85
episode   1187, score -9, own 12, enemy 21, mean -12.89
episode   1188, score -10, own 11, enemy 21, mean -12.85
episode   1189, score -14, own  7, enemy 21, mean -12.82
episode   1190, score -15, own  6, enemy 21, mean -12.83
episode   1191, score -17, own  4, enemy 21, mean -12.85
episode   1192, score -9, own 12, enemy 21, mean -12.90
episode   1193, score -11, own 10, enemy 21, mean -12.86
episode   1194, score -16, own  5, enemy 21, mean -12.84
episode   1195, score -16, own  5, enemy 21, mean -12.87
episode   1196, score -12, own  9, enemy 21, mean -12.90
episode   1197, score -12, own  9, enemy 21, mean -12.89
episode   1198, score -15, own  6, enemy 21, mean -12.88
episode   1199, score -16, own  5, enemy 21, mean -12.90
episode   1200, score -15, own  6, enemy 21, mean -12.93
episode   1201, score -17, own  4, enemy 21, mean -12.96
episode   1202, score -9, own 12, enemy 21, mean -13.00
episode   1203, score -6, own 15, enemy 21, mean -12.96
episode   1204, score -11, own 10, enemy 21, mean -12.89
episode   1205, score -11, own 10, enemy 21, mean -12.87
episode   1206, score -13, own  8, enemy 21, mean -12.85
episode   1207, score -16, own  5, enemy 21, mean -12.85
episode   1208, score -15, own  6, enemy 21, mean -12.88
episode   1209, score -14, own  7, enemy 21, mean -12.90
episode   1210, score -8, own 13, enemy 21, mean -12.91
episode   1211, score -10, own 11, enemy 21, mean -12.86
episode   1212, score -7, own 14, enemy 21, mean -12.84
episode   1213, score -10, own 11, enemy 21, mean -12.78
episode   1214, score -11, own 10, enemy 21, mean -12.75
episode   1215, score -9, own 12, enemy 21, mean -12.73
episode   1216, score -14, own  7, enemy 21, mean -12.70
episode   1217, score -16, own  5, enemy 21, mean -12.71
episode   1218, score -12, own  9, enemy 21, mean -12.74
episode   1219, score -17, own  4, enemy 21, mean -12.73
episode   1220, score -15, own  6, enemy 21, mean -12.78
episode   1221, score -13, own  8, enemy 21, mean -12.80
episode   1222, score -9, own 12, enemy 21, mean -12.80
episode   1223, score -11, own 10, enemy 21, mean -12.76
episode   1224, score -12, own  9, enemy 21, mean -12.75
episode   1225, score -13, own  8, enemy 21, mean -12.74
episode   1226, score -17, own  4, enemy 21, mean -12.74
episode   1227, score -17, own  4, enemy 21, mean -12.78
episode   1228, score -17, own  4, enemy 21, mean -12.83
episode   1229, score -16, own  5, enemy 21, mean -12.87
episode   1230, score -16, own  5, enemy 21, mean -12.90
episode   1231, score -8, own 13, enemy 21, mean -12.93
episode   1232, score -19, own  2, enemy 21, mean -12.88
episode   1233, score -11, own 10, enemy 21, mean -12.94
episode   1234, score -9, own 12, enemy 21, mean -12.92
episode   1235, score -8, own 13, enemy 21, mean -12.88
episode   1236, score -12, own  9, enemy 21, mean -12.83
episode   1237, score -10, own 11, enemy 21, mean -12.83
episode   1238, score -9, own 12, enemy 21, mean -12.80
episode   1239, score -13, own  8, enemy 21, mean -12.76
episode   1240, score -10, own 11, enemy 21, mean -12.76
episode   1241, score -16, own  5, enemy 21, mean -12.73
episode   1242, score -16, own  5, enemy 21, mean -12.77
episode   1243, score -10, own 11, enemy 21, mean -12.80
episode   1244, score -19, own  2, enemy 21, mean -12.77
episode   1245, score -3, own 18, enemy 21, mean -12.83
episode   1246, score -8, own 13, enemy 21, mean -12.73
episode   1247, score -13, own  8, enemy 21, mean -12.69
episode   1248, score -11, own 10, enemy 21, mean -12.69
episode   1249, score -4, own 17, enemy 21, mean -12.67
episode   1250, score -13, own  8, enemy 21, mean -12.59
episode   1251, score -10, own 11, enemy 21, mean -12.59
episode   1252, score -13, own  8, enemy 21, mean -12.57
episode   1253, score -10, own 11, enemy 21, mean -12.57
episode   1254, score -10, own 11, enemy 21, mean -12.54
episode   1255, score -18, own  3, enemy 21, mean -12.52
episode   1256, score -11, own 10, enemy 21, mean -12.57
episode   1257, score -14, own  7, enemy 21, mean -12.56
episode   1258, score -16, own  5, enemy 21, mean -12.57
episode   1259, score -14, own  7, enemy 21, mean -12.61
episode   1260, score -18, own  3, enemy 21, mean -12.62
episode   1261, score -4, own 17, enemy 21, mean -12.67
episode   1262, score -14, own  7, enemy 21, mean -12.59
episode   1263, score -11, own 10, enemy 21, mean -12.60
episode   1264, score -11, own 10, enemy 21, mean -12.59
episode   1265, score -10, own 11, enemy 21, mean -12.57
episode   1266, score -13, own  8, enemy 21, mean -12.54
episode   1267, score -9, own 12, enemy 21, mean -12.55
episode   1268, score -14, own  7, enemy 21, mean -12.51
episode   1269, score -15, own  6, enemy 21, mean -12.53
episode   1270, score -4, own 17, enemy 21, mean -12.55
episode   1271, score -10, own 11, enemy 21, mean -12.47
episode   1272, score -9, own 12, enemy 21, mean -12.44
episode   1273, score -11, own 10, enemy 21, mean -12.41
episode   1274, score -12, own  9, enemy 21, mean -12.39
episode   1275, score -10, own 11, enemy 21, mean -12.39
episode   1276, score -8, own 13, enemy 21, mean -12.37
episode   1277, score -9, own 12, enemy 21, mean -12.32
episode   1278, score -10, own 11, enemy 21, mean -12.29
episode   1279, score -16, own  5, enemy 21, mean -12.27
episode   1280, score -14, own  7, enemy 21, mean -12.30
episode   1281, score -15, own  6, enemy 21, mean -12.32
episode   1282, score -8, own 13, enemy 21, mean -12.35
episode   1283, score -15, own  6, enemy 21, mean -12.30
episode   1284, score -16, own  5, enemy 21, mean -12.33
episode   1285, score -13, own  8, enemy 21, mean -12.37
episode   1286, score -11, own 10, enemy 21, mean -12.37
episode   1287, score -11, own 10, enemy 21, mean -12.36
episode   1288, score -14, own  7, enemy 21, mean -12.35
episode   1289, score -17, own  4, enemy 21, mean -12.36
episode   1290, score -19, own  2, enemy 21, mean -12.41
episode   1291, score -18, own  3, enemy 21, mean -12.48
episode   1292, score -16, own  5, enemy 21, mean -12.53
episode   1293, score -16, own  5, enemy 21, mean -12.57
episode   1294, score -14, own  7, enemy 21, mean -12.60
episode   1295, score -14, own  7, enemy 21, mean -12.61
episode   1296, score -15, own  6, enemy 21, mean -12.63
episode   1297, score -15, own  6, enemy 21, mean -12.65
episode   1298, score -10, own 11, enemy 21, mean -12.67
episode   1299, score -11, own 10, enemy 21, mean -12.65
episode   1300, score -17, own  4, enemy 21, mean -12.63
episode   1301, score -13, own  8, enemy 21, mean -12.68
episode   1302, score -11, own 10, enemy 21, mean -12.68
episode   1303, score -16, own  5, enemy 21, mean -12.66
episode   1304, score -2, own 19, enemy 21, mean -12.69
episode   1305, score -11, own 10, enemy 21, mean -12.59
episode   1306, score -8, own 13, enemy 21, mean -12.57
episode   1307, score -20, own  1, enemy 21, mean -12.53
episode   1308, score -14, own  7, enemy 21, mean -12.60
episode   1309, score -3, own 18, enemy 21, mean -12.62
episode   1310, score -7, own 14, enemy 21, mean -12.52
episode   1311, score -14, own  7, enemy 21, mean -12.46
episode   1312, score -9, own 12, enemy 21, mean -12.48
episode   1313, score -18, own  3, enemy 21, mean -12.44
episode   1314, score -15, own  6, enemy 21, mean -12.50
episode   1315, score -8, own 13, enemy 21, mean -12.52
episode   1316, score -14, own  7, enemy 21, mean -12.48
episode   1317, score -13, own  8, enemy 21, mean -12.49
episode   1318, score -17, own  4, enemy 21, mean -12.50
episode   1319, score -16, own  5, enemy 21, mean -12.54
episode   1320, score -17, own  4, enemy 21, mean -12.58
episode   1321, score -13, own  8, enemy 21, mean -12.62
episode   1322, score -10, own 11, enemy 21, mean -12.63
episode   1323, score -10, own 11, enemy 21, mean -12.60
episode   1324, score -16, own  5, enemy 21, mean -12.58
episode   1325, score -10, own 11, enemy 21, mean -12.61
episode   1326, score -11, own 10, enemy 21, mean -12.58
episode   1327, score -9, own 12, enemy 21, mean -12.57
episode   1328, score -9, own 12, enemy 21, mean -12.53
episode   1329, score -11, own 10, enemy 21, mean -12.50
episode   1330, score -17, own  4, enemy 21, mean -12.48
episode   1331, score -8, own 13, enemy 21, mean -12.53
episode   1332, score -15, own  6, enemy 21, mean -12.48
episode   1333, score -13, own  8, enemy 21, mean -12.51
episode   1334, score -15, own  6, enemy 21, mean -12.51
episode   1335, score -17, own  4, enemy 21, mean -12.54
episode   1336, score -11, own 10, enemy 21, mean -12.58
episode   1337, score -12, own  9, enemy 21, mean -12.57
episode   1338, score -15, own  6, enemy 21, mean -12.56
episode   1339, score -9, own 12, enemy 21, mean -12.58
episode   1340, score -7, own 14, enemy 21, mean -12.55
episode   1341, score -8, own 13, enemy 21, mean -12.49
episode   1342, score -13, own  8, enemy 21, mean -12.45
episode   1343, score -11, own 10, enemy 21, mean -12.45
episode   1344, score -15, own  6, enemy 21, mean -12.44
episode   1345, score -15, own  6, enemy 21, mean -12.46
episode   1346, score -13, own  8, enemy 21, mean -12.49
episode   1347, score -8, own 13, enemy 21, mean -12.49
episode   1348, score -13, own  8, enemy 21, mean -12.45
episode   1349, score -16, own  5, enemy 21, mean -12.46
episode   1350, score -15, own  6, enemy 21, mean -12.49
episode   1351, score -7, own 14, enemy 21, mean -12.52
episode   1352, score -13, own  8, enemy 21, mean -12.46
episode   1353, score -17, own  4, enemy 21, mean -12.47
episode   1354, score -14, own  7, enemy 21, mean -12.51
episode   1355, score -5, own 16, enemy 21, mean -12.53
episode   1356, score -13, own  8, enemy 21, mean -12.45
episode   1357, score -7, own 14, enemy 21, mean -12.46
episode   1358, score -15, own  6, enemy 21, mean -12.40
episode   1359, score -7, own 14, enemy 21, mean -12.43
episode   1360, score -15, own  6, enemy 21, mean -12.37
episode   1361, score -5, own 16, enemy 21, mean -12.40
episode   1362, score -11, own 10, enemy 21, mean -12.33
episode   1363, score -12, own  9, enemy 21, mean -12.31
episode   1364, score -10, own 11, enemy 21, mean -12.31
episode   1365, score  13, own 21, enemy  8, mean -12.29
episode   1366, score -12, own  9, enemy 21, mean -12.03
episode   1367, score -10, own 11, enemy 21, mean -12.03
episode   1368, score -11, own 10, enemy 21, mean -12.01
episode   1369, score -12, own  9, enemy 21, mean -12.00
episode   1370, score -13, own  8, enemy 21, mean -12.00
episode   1371, score -6, own 15, enemy 21, mean -12.01
episode   1372, score -15, own  6, enemy 21, mean -11.95
episode   1373, score -10, own 11, enemy 21, mean -11.98
episode   1374, score -8, own 13, enemy 21, mean -11.96
episode   1375, score -12, own  9, enemy 21, mean -11.92
episode   1376, score -16, own  5, enemy 21, mean -11.92
episode   1377, score -17, own  4, enemy 21, mean -11.97
episode   1378, score -9, own 12, enemy 21, mean -12.02
episode   1379, score -14, own  7, enemy 21, mean -11.99
episode   1380, score -12, own  9, enemy 21, mean -12.01
episode   1381, score -13, own  8, enemy 21, mean -12.01
episode   1382, score -10, own 11, enemy 21, mean -12.02
episode   1383, score -15, own  6, enemy 21, mean -12.00
episode   1384, score -14, own  7, enemy 21, mean -12.03
episode   1385, score -6, own 15, enemy 21, mean -12.05
episode   1386, score -18, own  3, enemy 21, mean -11.98
episode   1387, score -15, own  6, enemy 21, mean -12.04
episode   1388, score -6, own 15, enemy 21, mean -12.07
episode   1389, score -18, own  3, enemy 21, mean -12.01
episode   1390, score -6, own 15, enemy 21, mean -12.07
episode   1391, score -14, own  7, enemy 21, mean -12.01
episode   1392, score -13, own  8, enemy 21, mean -12.03
episode   1393, score -9, own 12, enemy 21, mean -12.04
episode   1394, score -7, own 14, enemy 21, mean -12.01
episode   1395, score -12, own  9, enemy 21, mean -11.96
episode   1396, score -13, own  8, enemy 21, mean -11.96
episode   1397, score -17, own  4, enemy 21, mean -11.97
episode   1398, score -13, own  8, enemy 21, mean -12.02
episode   1399, score -10, own 11, enemy 21, mean -12.03
episode   1400, score -12, own  9, enemy 21, mean -12.01
episode   1401, score -11, own 10, enemy 21, mean -12.01
episode   1402, score -14, own  7, enemy 21, mean -12.00
episode   1403, score -8, own 13, enemy 21, mean -12.02
episode   1404, score -17, own  4, enemy 21, mean -11.98
episode   1405, score -10, own 11, enemy 21, mean -12.03
episode   1406, score -11, own 10, enemy 21, mean -12.01
episode   1407, score -15, own  6, enemy 21, mean -12.00
episode   1408, score -12, own  9, enemy 21, mean -12.03
episode   1409, score -11, own 10, enemy 21, mean -12.03
episode   1410, score -12, own  9, enemy 21, mean -12.02
episode   1411, score -8, own 13, enemy 21, mean -12.02
episode   1412, score -8, own 13, enemy 21, mean -11.98
episode   1413, score -12, own  9, enemy 21, mean -11.94
episode   1414, score -14, own  7, enemy 21, mean -11.94
episode   1415, score -6, own 15, enemy 21, mean -11.96
episode   1416, score -12, own  9, enemy 21, mean -11.90
episode   1417, score -15, own  6, enemy 21, mean -11.90
episode   1418, score -12, own  9, enemy 21, mean -11.93
episode   1419, score -13, own  8, enemy 21, mean -11.93
episode   1420, score -9, own 12, enemy 21, mean -11.95
episode   1421, score -15, own  6, enemy 21, mean -11.92
episode   1422, score -14, own  7, enemy 21, mean -11.95
episode   1423, score -13, own  8, enemy 21, mean -11.97
episode   1424, score -10, own 11, enemy 21, mean -11.98
episode   1425, score -12, own  9, enemy 21, mean -11.96
episode   1426, score -7, own 14, enemy 21, mean -11.96
episode   1427, score -6, own 15, enemy 21, mean -11.91
episode   1428, score -10, own 11, enemy 21, mean -11.85
episode   1429, score -16, own  5, enemy 21, mean -11.83
episode   1430, score -15, own  6, enemy 21, mean -11.87
episode   1431, score -6, own 15, enemy 21, mean -11.90
episode   1432, score -8, own 13, enemy 21, mean -11.85
episode   1433, score -12, own  9, enemy 21, mean -11.81
episode   1434, score -8, own 13, enemy 21, mean -11.81
episode   1435, score -13, own  8, enemy 21, mean -11.77
episode   1436, score -17, own  4, enemy 21, mean -11.78
episode   1437, score -12, own  9, enemy 21, mean -11.83
episode   1438, score -5, own 16, enemy 21, mean -11.84
episode   1439, score -15, own  6, enemy 21, mean -11.77
episode   1440, score -13, own  8, enemy 21, mean -11.80
episode   1441, score -15, own  6, enemy 21, mean -11.81
episode   1442, score -17, own  4, enemy 21, mean -11.84
episode   1443, score -15, own  6, enemy 21, mean -11.90
episode   1444, score -9, own 12, enemy 21, mean -11.93
episode   1445, score -7, own 14, enemy 21, mean -11.90
episode   1446, score -5, own 16, enemy 21, mean -11.85
episode   1447, score -15, own  6, enemy 21, mean -11.78
episode   1448, score -7, own 14, enemy 21, mean -11.81
episode   1449, score -12, own  9, enemy 21, mean -11.76
episode   1450, score -15, own  6, enemy 21, mean -11.77
episode   1451, score -13, own  8, enemy 21, mean -11.80
episode   1452, score -16, own  5, enemy 21, mean -11.81
episode   1453, score -9, own 12, enemy 21, mean -11.85
episode   1454, score -14, own  7, enemy 21, mean -11.82
episode   1455, score -15, own  6, enemy 21, mean -11.85
episode   1456, score -6, own 15, enemy 21, mean -11.88
episode   1457, score -10, own 11, enemy 21, mean -11.82
episode   1458, score -8, own 13, enemy 21, mean -11.80
episode   1459, score -8, own 13, enemy 21, mean -11.76
episode   1460, score -9, own 12, enemy 21, mean -11.73
episode   1461, score -15, own  6, enemy 21, mean -11.70
episode   1462, score -10, own 11, enemy 21, mean -11.73
episode   1463, score -12, own  9, enemy 21, mean -11.71
episode   1464, score -8, own 13, enemy 21, mean -11.72
episode   1465, score -7, own 14, enemy 21, mean -11.68
episode   1466, score -3, own 18, enemy 21, mean -11.63
episode   1467, score -12, own  9, enemy 21, mean -11.55
episode   1468, score -7, own 14, enemy 21, mean -11.55
episode   1469, score -11, own 10, enemy 21, mean -11.51
episode   1470, score -6, own 15, enemy 21, mean -11.50
episode   1471, score -17, own  4, enemy 21, mean -11.45
episode   1472, score -15, own  6, enemy 21, mean -11.50
episode   1473, score -3, own 18, enemy 21, mean -11.54
episode   1474, score -15, own  6, enemy 21, mean -11.45
episode   1475, score -14, own  7, enemy 21, mean -11.49
episode   1476, score -9, own 12, enemy 21, mean -11.51
episode   1477, score -16, own  5, enemy 21, mean -11.49
episode   1478, score -12, own  9, enemy 21, mean -11.53
episode   1479, score -8, own 13, enemy 21, mean -11.54
episode   1480, score -11, own 10, enemy 21, mean -11.50
episode   1481, score -4, own 17, enemy 21, mean -11.50
episode   1482, score -8, own 13, enemy 21, mean -11.42
episode   1483, score -15, own  6, enemy 21, mean -11.39
episode   1484, score -11, own 10, enemy 21, mean -11.42
episode   1485, score -12, own  9, enemy 21, mean -11.42
episode   1486, score -5, own 16, enemy 21, mean -11.42
episode   1487, score -16, own  5, enemy 21, mean -11.36
episode   1488, score -4, own 17, enemy 21, mean -11.41
episode   1489, score -9, own 12, enemy 21, mean -11.33
episode   1490, score -5, own 16, enemy 21, mean -11.31
episode   1491, score -6, own 15, enemy 21, mean -11.25
episode   1492, score -12, own  9, enemy 21, mean -11.19
episode   1493, score -14, own  7, enemy 21, mean -11.20
episode   1494, score -14, own  7, enemy 21, mean -11.23
episode   1495, score -11, own 10, enemy 21, mean -11.26
episode   1496, score -16, own  5, enemy 21, mean -11.25
episode   1497, score -12, own  9, enemy 21, mean -11.30
episode   1498, score -7, own 14, enemy 21, mean -11.31
episode   1499, score -15, own  6, enemy 21, mean -11.27
episode   1500, score -12, own  9, enemy 21, mean -11.30
episode   1501, score -14, own  7, enemy 21, mean -11.31
episode   1502, score -13, own  8, enemy 21, mean -11.34
episode   1503, score -6, own 15, enemy 21, mean -11.35
episode   1504, score -14, own  7, enemy 21, mean -11.30
episode   1505, score -14, own  7, enemy 21, mean -11.33
episode   1506, score -14, own  7, enemy 21, mean -11.35
episode   1507, score -16, own  5, enemy 21, mean -11.38
episode   1508, score -15, own  6, enemy 21, mean -11.43
episode   1509, score -15, own  6, enemy 21, mean -11.46
episode   1510, score -10, own 11, enemy 21, mean -11.50
episode   1511, score -12, own  9, enemy 21, mean -11.48
episode   1512, score -9, own 12, enemy 21, mean -11.49
episode   1513, score -11, own 10, enemy 21, mean -11.46
episode   1514, score -8, own 13, enemy 21, mean -11.46
episode   1515, score -4, own 17, enemy 21, mean -11.42
episode   1516, score -13, own  8, enemy 21, mean -11.35
episode   1517, score -11, own 10, enemy 21, mean -11.37
episode   1518, score -12, own  9, enemy 21, mean -11.36
episode   1519, score -9, own 12, enemy 21, mean -11.37
episode   1520, score -10, own 11, enemy 21, mean -11.34
episode   1521, score -3, own 18, enemy 21, mean -11.33
episode   1522, score -14, own  7, enemy 21, mean -11.25
episode   1523, score -13, own  8, enemy 21, mean -11.28
episode   1524, score -12, own  9, enemy 21, mean -11.29
episode   1525, score -15, own  6, enemy 21, mean -11.30
episode   1526, score -10, own 11, enemy 21, mean -11.34
episode   1527, score -11, own 10, enemy 21, mean -11.32
episode   1528, score -8, own 13, enemy 21, mean -11.32
episode   1529, score -5, own 16, enemy 21, mean -11.29
episode   1530, score -16, own  5, enemy 21, mean -11.22
episode   1531, score -13, own  8, enemy 21, mean -11.27
episode   1532, score -11, own 10, enemy 21, mean -11.29
episode   1533, score -9, own 12, enemy 21, mean -11.29
episode   1534, score -6, own 15, enemy 21, mean -11.26
episode   1535, score -10, own 11, enemy 21, mean -11.21
episode   1536, score -15, own  6, enemy 21, mean -11.20
episode   1537, score -6, own 15, enemy 21, mean -11.24
episode   1538, score -9, own 12, enemy 21, mean -11.18
episode   1539, score -14, own  7, enemy 21, mean -11.16
episode   1540, score -13, own  8, enemy 21, mean -11.19
episode   1541, score -7, own 14, enemy 21, mean -11.21
episode   1542, score -9, own 12, enemy 21, mean -11.17
episode   1543, score -1, own 20, enemy 21, mean -11.15
episode   1544, score -9, own 12, enemy 21, mean -11.04
episode   1545, score -13, own  8, enemy 21, mean -11.02
episode   1546, score -10, own 11, enemy 21, mean -11.04
episode   1547, score -12, own  9, enemy 21, mean -11.03
episode   1548, score -8, own 13, enemy 21, mean -11.04
episode   1549, score -5, own 16, enemy 21, mean -11.01
episode   1550, score -12, own  9, enemy 21, mean -10.95
episode   1551, score -8, own 13, enemy 21, mean -10.96
episode   1552, score -10, own 11, enemy 21, mean -10.93
episode   1553, score -9, own 12, enemy 21, mean -10.92
episode   1554, score -17, own  4, enemy 21, mean -10.90
episode   1555, score -12, own  9, enemy 21, mean -10.97
episode   1556, score -5, own 16, enemy 21, mean -10.98
episode   1557, score -10, own 11, enemy 21, mean -10.92
episode   1558, score -15, own  6, enemy 21, mean -10.91
episode   1559, score -12, own  9, enemy 21, mean -10.95
episode   1560, score -12, own  9, enemy 21, mean -10.96
episode   1561, score -14, own  7, enemy 21, mean -10.97
episode   1562, score -5, own 16, enemy 21, mean -11.00
episode   1563, score -8, own 13, enemy 21, mean -10.94
episode   1564, score -4, own 17, enemy 21, mean -10.91
episode   1565, score -20, own  1, enemy 21, mean -10.84
episode   1566, score -11, own 10, enemy 21, mean -10.93
episode   1567, score -3, own 18, enemy 21, mean -10.93
episode   1568, score -17, own  4, enemy 21, mean -10.85
episode   1569, score -4, own 17, enemy 21, mean -10.91
episode   1570, score -13, own  8, enemy 21, mean -10.85
episode   1571, score -7, own 14, enemy 21, mean -10.87
episode   1572, score -8, own 13, enemy 21, mean -10.83
episode   1573, score -14, own  7, enemy 21, mean -10.80
episode   1574, score -4, own 17, enemy 21, mean -10.83
episode   1575, score -10, own 11, enemy 21, mean -10.76
episode   1576, score -6, own 15, enemy 21, mean -10.76
episode   1577, score -7, own 14, enemy 21, mean -10.71
episode   1578, score -10, own 11, enemy 21, mean -10.67
episode   1579, score -17, own  4, enemy 21, mean -10.66
episode   1580, score -6, own 15, enemy 21, mean -10.73
episode   1581, score -11, own 10, enemy 21, mean -10.68
episode   1582, score -9, own 12, enemy 21, mean -10.68
episode   1583, score -16, own  5, enemy 21, mean -10.67
episode   1584, score  2, own 21, enemy 19, mean -10.72
episode   1585, score -2, own 19, enemy 21, mean -10.59
episode   1586, score -9, own 12, enemy 21, mean -10.51
episode   1587, score -11, own 10, enemy 21, mean -10.49
episode   1588, score -12, own  9, enemy 21, mean -10.50
episode   1589, score -3, own 18, enemy 21, mean -10.51
episode   1590, score -10, own 11, enemy 21, mean -10.44
episode   1591, score -11, own 10, enemy 21, mean -10.43
episode   1592, score -17, own  4, enemy 21, mean -10.44
episode   1593, score  1, own 21, enemy 20, mean -10.50
episode   1594, score -9, own 12, enemy 21, mean -10.39
episode   1595, score -5, own 16, enemy 21, mean -10.38
episode   1596, score -9, own 12, enemy 21, mean -10.32
episode   1597, score -14, own  7, enemy 21, mean -10.31
episode   1598, score -8, own 13, enemy 21, mean -10.35
episode   1599, score -8, own 13, enemy 21, mean -10.32
episode   1600, score -10, own 11, enemy 21, mean -10.30
episode   1601, score -16, own  5, enemy 21, mean -10.30
episode   1602, score -2, own 19, enemy 21, mean -10.35
episode   1603, score -10, own 11, enemy 21, mean -10.27
episode   1604, score -13, own  8, enemy 21, mean -10.27
episode   1605, score -8, own 13, enemy 21, mean -10.29
episode   1606, score -7, own 14, enemy 21, mean -10.27
episode   1607, score -4, own 17, enemy 21, mean -10.24
episode   1608, score -9, own 12, enemy 21, mean -10.18
episode   1609, score -5, own 16, enemy 21, mean -10.16
episode   1610, score -4, own 17, enemy 21, mean -10.11
episode   1611, score -10, own 11, enemy 21, mean -10.05
episode   1612, score -12, own  9, enemy 21, mean -10.05
episode   1613, score -9, own 12, enemy 21, mean -10.07
episode   1614, score -11, own 10, enemy 21, mean -10.06
episode   1615, score -15, own  6, enemy 21, mean -10.07
episode   1616, score -16, own  5, enemy 21, mean -10.12
episode   1617, score -9, own 12, enemy 21, mean -10.18
episode   1618, score -13, own  8, enemy 21, mean -10.17
episode   1619, score -14, own  7, enemy 21, mean -10.19
episode   1620, score -19, own  2, enemy 21, mean -10.23
episode   1621, score  1, own 21, enemy 20, mean -10.32
episode   1622, score -13, own  8, enemy 21, mean -10.21
episode   1623, score -9, own 12, enemy 21, mean -10.23
episode   1624, score -2, own 19, enemy 21, mean -10.22
episode   1625, score -15, own  6, enemy 21, mean -10.14
episode   1626, score -3, own 18, enemy 21, mean -10.19
episode   1627, score -8, own 13, enemy 21, mean -10.12
episode   1628, score -9, own 12, enemy 21, mean -10.10
episode   1629, score -12, own  9, enemy 21, mean -10.08
episode   1630, score -12, own  9, enemy 21, mean -10.10
episode   1631, score -8, own 13, enemy 21, mean -10.12
episode   1632, score -11, own 10, enemy 21, mean -10.10
episode   1633, score -3, own 18, enemy 21, mean -10.11
episode   1634, score -13, own  8, enemy 21, mean -10.04
episode   1635, score  6, own 21, enemy 15, mean -10.07
episode   1636, score -12, own  9, enemy 21, mean  -9.91
episode   1637, score -9, own 12, enemy 21, mean  -9.93
episode   1638, score -16, own  5, enemy 21, mean  -9.92
episode   1639, score -3, own 18, enemy 21, mean  -9.98
episode   1640, score -11, own 10, enemy 21, mean  -9.91
episode   1641, score -18, own  3, enemy 21, mean  -9.92
episode   1642, score -10, own 11, enemy 21, mean -10.00
episode   1643, score -7, own 14, enemy 21, mean -10.00
episode   1644, score -8, own 13, enemy 21, mean  -9.97
episode   1645, score -9, own 12, enemy 21, mean  -9.95
episode   1646, score -9, own 12, enemy 21, mean  -9.94
episode   1647, score -15, own  6, enemy 21, mean  -9.93
episode   1648, score -6, own 15, enemy 21, mean  -9.98
episode   1649, score -14, own  7, enemy 21, mean  -9.94
episode   1650, score -8, own 13, enemy 21, mean  -9.98
episode   1651, score -17, own  4, enemy 21, mean  -9.97
episode   1652, score -8, own 13, enemy 21, mean -10.04
episode   1653, score -14, own  7, enemy 21, mean -10.02
episode   1654, score -14, own  7, enemy 21, mean -10.05
episode   1655, score -9, own 12, enemy 21, mean -10.09
episode   1656, score -4, own 17, enemy 21, mean -10.08
episode   1657, score -6, own 15, enemy 21, mean -10.02
episode   1658, score -8, own 13, enemy 21, mean  -9.98
episode   1659, score -13, own  8, enemy 21, mean  -9.96
episode   1660, score -17, own  4, enemy 21, mean  -9.99
episode   1661, score -13, own  8, enemy 21, mean -10.06
episode   1662, score -9, own 12, enemy 21, mean -10.09
episode   1663, score -10, own 11, enemy 21, mean -10.08
episode   1664, score -7, own 14, enemy 21, mean -10.08
episode   1665, score -13, own  8, enemy 21, mean -10.05
episode   1666, score -2, own 19, enemy 21, mean -10.08
episode   1667, score -12, own  9, enemy 21, mean -10.00
episode   1668, score -11, own 10, enemy 21, mean -10.02
episode   1669, score -10, own 11, enemy 21, mean -10.03
episode   1670, score -10, own 11, enemy 21, mean -10.03
episode   1671, score -6, own 15, enemy 21, mean -10.03
episode   1672, score  1, own 21, enemy 20, mean  -9.99
episode   1673, score -6, own 15, enemy 21, mean  -9.88
episode   1674, score -3, own 18, enemy 21, mean  -9.84
episode   1675, score -13, own  8, enemy 21, mean  -9.77
episode   1676, score -7, own 14, enemy 21, mean  -9.80
episode   1677, score -9, own 12, enemy 21, mean  -9.77
episode   1678, score -11, own 10, enemy 21, mean  -9.77
episode   1679, score  1, own 21, enemy 20, mean  -9.78
episode   1680, score -9, own 12, enemy 21, mean  -9.67
episode   1681, score -15, own  6, enemy 21, mean  -9.66
episode   1682, score -4, own 17, enemy 21, mean  -9.72
episode   1683, score  10, own 21, enemy 11, mean  -9.66
episode   1684, score -8, own 13, enemy 21, mean  -9.46
episode   1685, score -14, own  7, enemy 21, mean  -9.45
episode   1686, score -9, own 12, enemy 21, mean  -9.50
episode   1687, score -3, own 18, enemy 21, mean  -9.49
episode   1688, score  2, own 21, enemy 19, mean  -9.43
episode   1689, score -17, own  4, enemy 21, mean  -9.31
episode   1690, score -11, own 10, enemy 21, mean  -9.39
episode   1691, score -10, own 11, enemy 21, mean  -9.40
episode   1692, score -12, own  9, enemy 21, mean  -9.41
episode   1693, score -16, own  5, enemy 21, mean  -9.44
episode   1694, score -11, own 10, enemy 21, mean  -9.50
episode   1695, score -10, own 11, enemy 21, mean  -9.52
episode   1696, score -12, own  9, enemy 21, mean  -9.52
episode   1697, score -10, own 11, enemy 21, mean  -9.55
episode   1698, score -12, own  9, enemy 21, mean  -9.55
episode   1699, score -11, own 10, enemy 21, mean  -9.58
episode   1700, score -2, own 19, enemy 21, mean  -9.59
episode   1701, score -12, own  9, enemy 21, mean  -9.51
episode   1702, score -14, own  7, enemy 21, mean  -9.54
episode   1703, score -15, own  6, enemy 21, mean  -9.58
episode   1704, score -14, own  7, enemy 21, mean  -9.64
episode   1705, score -16, own  5, enemy 21, mean  -9.68
episode   1706, score -9, own 12, enemy 21, mean  -9.74
episode   1707, score -13, own  8, enemy 21, mean  -9.74
episode   1708, score -14, own  7, enemy 21, mean  -9.77
episode   1709, score -10, own 11, enemy 21, mean  -9.81
episode   1710, score -11, own 10, enemy 21, mean  -9.81
episode   1711, score -5, own 16, enemy 21, mean  -9.83
episode   1712, score -10, own 11, enemy 21, mean  -9.78
